,CD_ID,State,CD,2020_dem_pct,2020_GOP_pct,Dem_2018_Vote_Share,GOP_2018_Vote_Share,2016_dem_vote_pct,2016_GOP_vote_pct,2018_Cook_PVI_Score,white_pct_pop,black_pct_pop,hispanic_pct_pop,asian_pct_pop,other_race_pct_pop,white_non_college_pct_pop,white_ba_pct_pop,black_non_college_pct_dis,black_ba_pct_dis,hispanic_non_college_pct_pop,hispanic_ba_pct_pop,asian_non_college_pct_pop,asian_ba_pct_pop,2020_dem_margin,City_Lab_Congressional_Index_Dense suburban,City_Lab_Congressional_Index_Pure rural,City_Lab_Congressional_Index_Pure urban,City_Lab_Congressional_Index_Rural-suburban mix,City_Lab_Congressional_Index_Sparse suburban,City_Lab_Congressional_Index_Urban-suburban mix
0,AK-AL,AK,AL,45.3,54.4,46.5,53.1,36.5,50.5,-9,65.47107991,3.270682439,5.859834978,6.387251115,19.01115156,41.45474303,24.01633689,2.542050746,0.7286316929,4.694478761,1.165356218,4.562056613,1.825194501,-9.100000000000001,0,1,0,0,0,0
1,AL-1,AL,1,35.5,64.4,36.8,63.2,0.0,96.4,-15,68.22604805,25.74023429,2.625407114,0.0,3.408310543,49.32090808,18.90513997,21.24561763,4.49461666,2.086069178,0.5393379356,0.0,0.0,-28.900000000000006,0,0,0,1,0,0
2,AL-2,AL,2,34.7,65.2,38.4,61.4,45.4,54.6,-16,64.16768924,30.26019923,2.618440103,1.374253629,1.579417793,47.54549645,16.62219279,25.09040858,5.169790659,2.12955208,0.4888880232,0.7148283049,0.6594253239,-30.5,0,1,0,0,0,0
3,AL-3,AL,3,32.5,67.5,36.2,63.7,32.9,67.1,-16,69.61086315,25.19419803,1.957310386,1.986941661,1.250686767,52.17368043,17.43718272,20.63077578,4.563422248,1.658322582,0.2989878038,0.6461264309,1.34081523,-35.0,0,1,0,0,0,0
4,AL-4,AL,4,17.7,82.2,20.1,79.8,0.0,98.5,-30,86.39160787,6.973183438,4.547201577,0.0,2.088007119,70.58617103,15.80543684,6.345695104,0.6274883338,4.121077676,0.4261239018,0.0,0.0,-64.5,0,1,0,0,0,0
5,AL-5,AL,5,0.0,95.8,38.9,61.0,33.2,66.8,-18,75.64462423,16.76455441,3.539487288,0.0,4.051334065,49.63989889,26.00472534,11.87901232,4.885542098,2.773879303,0.7656079851,0.0,0.0,-95.8,0,0,0,1,0,0
6,AL-6,AL,6,0.0,97.1,30.8,69.2,25.2,74.8,-26,78.22796119,15.41698058,3.495662842,1.659317994,1.200077398,46.54591788,31.6820433,10.77949453,4.637486054,2.837781648,0.6578811944,0.6671442275,0.9921737663,-97.1,0,0,0,1,0,0
7,AL-7,AL,7,97.2,0.0,97.8,0.0,98.4,0.0,20,33.29944908,61.59658374,2.85921092,0.0,2.24475626,23.27439893,10.02505015,51.26612149,10.33046225,2.507510506,0.3517004148,0.0,0.0,97.2,0,0,0,1,0,0
8,AR-1,AR,1,0.0,100.0,28.8,68.9,0.0,76.5,-17,78.14550176,15.99918547,2.971003681,0.0,2.884309084,64.34775421,13.79774755,14.53969201,1.459493462,2.614346141,0.3566575402,0.0,0.0,-100.0,0,1,0,0,0,0
9,AR-2,AR,2,44.6,55.4,45.8,52.1,36.8,58.4,-7,71.74922511,21.47138606,3.933279933,0.0,2.846108899,49.43484133,22.31438378,16.18160922,5.289776839,3.411461054,0.5218188784,0.0,0.0,-10.799999999999997,0,0,0,1,0,0
10,AR-3,AR,3,31.8,64.3,32.6,64.7,0.0,77.3,-19,79.09171805,2.530076572,11.76163704,2.96945445,3.647113889,54.47712183,24.61459623,1.875542285,0.6545342872,10.69510505,1.066531986,1.108157258,1.861297191,-32.5,0,0,0,1,0,0
11,AR-4,AR,4,27.5,69.7,31.2,66.7,0.0,74.9,-17,75.47999396,18.22538343,3.986718528,0.0,2.30790409,61.02066122,14.45933274,15.83115805,2.394225375,3.702085994,0.2846325342,0.0,0.0,-42.2,0,1,0,0,0,0
12,AZ-1,AZ,1,51.6,48.4,53.8,46.1,50.8,43.5,-2,54.70585761,2.870311251,19.37092106,1.607488999,21.44542107,35.8801332,18.82572441,2.084440485,0.7858707662,16.62715966,2.743761398,0.7443884125,0.8631005861,3.200000000000003,0,1,0,0,0,0
13,AZ-2,AZ,2,55.1,44.9,54.7,45.2,43.3,56.7,-1,66.54918486,3.818318711,24.19580984,3.032182972,2.404503619,39.54571995,27.00346491,2.886787234,0.9315314762,18.97308738,5.222722454,1.604923096,1.427259876,10.200000000000003,1,0,0,0,0,0
14,AZ-3,AZ,3,64.6,35.4,63.9,36.1,98.6,0.0,13,30.28534837,4.309472548,59.42749713,2.050986292,3.926695661,22.0188043,8.266544069,3.501844102,0.8076284458,53.494558,5.932939131,1.078753522,0.9722327694,29.199999999999996,1,0,0,0,0,0
15,AZ-4,AZ,4,30.2,69.7,30.5,68.2,28.5,71.5,-21,77.89440437,1.74549137,16.19378357,1.066083154,3.100237541,60.00674035,17.88766401,1.446896913,0.298594457,14.46489887,1.728884699,0.6286113404,0.4374718134,-39.5,0,0,0,1,0,0
16,AZ-5,AZ,5,41.1,58.9,40.6,59.4,36.9,63.1,-15,74.63513082,4.128450887,13.43060826,5.490723246,2.315086787,45.89562968,28.73950114,2.275040708,1.853410179,10.33894508,3.091663182,1.838414951,3.652308295,-17.799999999999997,1,0,0,0,0,0
17,AZ-6,AZ,6,47.8,52.2,44.8,55.2,38.4,61.6,-9,74.11680065,2.742575183,13.90650873,5.665929972,3.56818546,39.27274184,34.84405881,1.947846002,0.7947291811,11.01620506,2.89030367,1.664908392,4.00102158,-4.400000000000006,1,0,0,0,0,0
18,AZ-7,AZ,7,76.7,23.3,85.6,0.2,74.6,25.4,23,26.37391054,9.302608045,58.06715133,3.040400894,3.215929193,18.48551989,7.888390644,7.330265506,1.972342539,54.02118486,4.045966473,1.767820726,1.272580168,53.400000000000006,0,0,0,0,0,1
19,AZ-8,AZ,8,40.4,59.6,44.5,55.5,0.0,68.6,-13,72.51472773,4.023297397,17.05782546,3.904386529,2.499762881,47.82869107,24.68603667,2.792034201,1.231263195,14.30355468,2.75427078,1.776110332,2.128276196,-19.200000000000003,1,0,0,0,0,0
20,AZ-9,AZ,9,61.6,38.4,61.1,38.9,61.1,38.9,4,60.93445756,6.891475473,22.21301023,5.266190533,4.694866209,31.79167886,29.1427787,4.795295019,2.096180454,17.30066868,4.912341545,1.620408001,3.645782532,23.200000000000003,0,0,0,0,0,1
21,CA-1,CA,1,43.0,57.0,45.1,54.9,40.5,59.5,-11,79.2481209,1.276077623,12.01888452,2.705149274,4.751767688,57.32461393,21.92350697,1.11830875,0.1577688736,10.35584541,1.66303911,1.716159273,0.9889900007,-14.0,0,0,0,1,0,0
22,CA-2,CA,2,75.7,24.3,77.0,23.0,77.1,22.9,22,75.35918535,1.611963262,14.46357251,4.196388332,4.368890547,39.227159,36.13202636,1.291629757,0.3203335043,11.64448226,2.819090245,1.833418807,2.362969525,51.400000000000006,0,0,0,1,0,0
23,CA-3,CA,3,54.7,45.3,58.1,41.9,58.2,41.8,5,51.49570869,6.664688512,25.64054621,11.03343014,5.165626442,36.03215992,15.46354877,5.012183944,1.652504568,21.85468284,3.785863373,6.137090202,4.896339939,9.400000000000006,0,0,0,1,0,0
24,CA-4,CA,4,44.1,55.9,45.9,54.1,37.2,62.8,-10,78.1006159,1.741986176,11.20831055,5.724910294,3.224177074,50.02317338,28.07744253,1.225654376,0.5163317993,8.937862763,2.270447789,2.252524631,3.472385663,-11.799999999999997,0,0,0,1,0,0
25,CA-5,CA,5,76.1,23.9,78.9,0.0,77.2,22.8,21,55.54342594,6.527657444,23.10306321,11.99946091,2.826392499,33.26036312,22.28306282,4.45561139,2.072046054,19.89545428,3.207608926,7.227516895,4.771944011,52.199999999999996,1,0,0,0,0,0
26,CA-6,CA,6,73.3,26.7,100.0,0.0,75.2,24.8,21,41.23614999,11.33879012,25.29244566,16.34023753,5.792376693,26.31534978,14.92080022,8.744130201,2.594659916,21.05220211,4.240243554,10.06020854,6.280028987,46.599999999999994,0,0,0,0,0,1
27,CA-7,CA,7,56.6,43.4,55.0,45.0,51.2,48.8,3,54.96112314,7.443752632,14.52129579,17.69066203,5.383166396,35.7559932,19.20512994,5.344439933,2.099312699,11.51510708,3.006188714,9.614314504,8.076347531,13.200000000000003,1,0,0,0,0,0
28,CA-8,CA,8,43.9,56.1,0.0,100.0,37.3,62.7,-9,47.50041288,7.68444498,38.40213893,3.001289965,3.411713244,37.6384258,9.861987082,5.998116383,1.686328598,34.41775242,3.984386508,1.644148065,1.357141901,-12.200000000000003,0,0,0,1,0,0
29,CA-9,CA,9,57.6,42.4,56.5,43.5,57.6,42.4,8,36.95385298,9.887770821,32.87415996,17.11098967,3.173226569,26.7526404,10.20121258,7.491713495,2.396057326,29.82607249,3.048087471,10.9653135,6.145676167,15.200000000000003,1,0,0,0,0,0
30,CA-10,CA,10,55.2,44.8,52.3,47.7,47.6,52.4,0,46.51226008,3.164708311,38.47254385,8.02643116,3.824056607,36.84072835,9.671531728,2.737337794,0.4273705165,34.70142314,3.771120708,4.702915153,3.323516006,10.400000000000006,1,0,0,0,0,0
31,CA-11,CA,11,73.0,27.0,74.1,25.9,71.8,28.2,21,48.66786938,7.623567115,24.22113406,16.11648346,3.370945994,21.02741952,27.64044986,5.426195892,2.197371222,20.43932484,3.781809218,6.669057144,9.447426315,46.0,0,0,0,0,0,1
32,CA-12,CA,12,100.0,0.0,86.8,13.2,81.0,0.0,37,44.06175315,5.243700063,13.25437456,34.15372934,3.286442882,9.018696379,35.04305677,3.508294196,1.735405868,8.657166839,4.597207717,16.96385666,17.18987269,100.0,0,0,1,0,0,0
33,CA-13,CA,13,90.4,9.6,88.4,0.0,90.7,9.3,40,38.02153809,17.16814415,18.50140281,22.14184933,4.167065621,10.05472142,27.96681667,11.95018888,5.217955273,12.41917797,6.082224844,10.18949255,11.95235678,80.80000000000001,0,0,1,0,0,0
34,CA-14,CA,14,79.3,20.7,79.2,20.8,80.9,19.1,27,35.51957162,2.686203134,20.17183044,38.1951385,3.427256306,14.49152309,21.02804852,1.667690558,1.018512576,15.40018889,4.771641558,16.79775538,21.39738312,58.599999999999994,0,0,0,0,0,1
35,CA-15,CA,15,70.9,29.1,73.0,27.0,73.8,26.2,20,33.52421787,5.278332909,18.75149886,37.83637949,4.609570873,16.63656844,16.88764943,3.618146143,1.660186766,15.43257876,3.318920097,13.65593547,24.18044402,41.800000000000004,0,0,0,0,0,1
36,CA-16,CA,16,59.4,40.6,57.5,42.5,57.8,42.2,9,26.37815399,5.613952434,55.89240554,9.63007738,2.485410657,20.56086189,5.817292094,4.984599521,0.6293529132,51.8565022,4.035903339,7.348450841,2.281626539,18.799999999999997,1,0,0,0,0,0
37,CA-17,CA,17,71.3,28.7,75.3,24.7,61.1,38.9,25,23.22584254,2.473173921,13.64572444,57.20938852,3.445870584,9.736406896,13.48943565,1.439814831,1.03335909,10.53253569,3.113188746,16.39983357,40.80955494,42.599999999999994,0,0,1,0,0,0
38,CA-18,CA,18,100.0,0.0,74.5,25.5,71.2,28.8,23,56.73503315,2.193950778,13.00560085,25.33088194,2.734533281,17.76386296,38.9711702,1.271457622,0.9224931551,9.013810889,3.991789962,5.146231828,20.18465011,100.0,0,0,0,0,0,1
39,CA-19,CA,19,71.7,28.3,73.8,26.2,74.0,26.0,24,27.50000984,2.646097061,33.63134471,33.29942667,2.923121722,13.72000047,13.78000937,1.711532332,0.9345647289,28.18804623,5.443298482,17.60542874,15.69399793,43.400000000000006,0,0,0,0,0,1
40,CA-20,CA,20,76.8,23.2,81.4,0.0,70.6,29.4,23,42.41372496,2.549360085,46.65410942,6.259565093,2.123240443,21.71570441,20.69802055,2.053867241,0.495492844,41.62560334,5.02850608,3.520584921,2.738980172,53.599999999999994,0,0,0,0,0,1
41,CA-21,CA,21,49.6,50.4,50.4,49.6,42.0,58.0,5,22.00264094,3.455816066,68.96591495,3.91597956,1.659648487,17.18728301,4.815357927,2.9594044,0.4964116663,64.82208973,4.143825218,2.905738274,1.010241286,-0.7999999999999972,0,0,0,1,0,0
42,CA-22,CA,22,45.8,54.2,47.3,52.7,31.8,68.2,-8,42.33764658,3.104781673,43.28448153,9.353683136,1.919407083,27.90453393,14.43311265,2.184311625,0.9204700486,38.1924973,5.091984231,5.910133331,3.443549805,-8.400000000000006,1,0,0,0,0,0
43,CA-23,CA,23,37.9,62.1,36.3,63.7,30.0,70.0,-14,50.03293153,6.274595087,35.02174723,5.883144857,2.787581293,37.01690071,13.01603082,5.146638499,1.127956588,30.70233213,4.319415103,2.888239924,2.994904934,-24.200000000000003,1,0,0,0,0,0
44,CA-24,CA,24,58.7,41.3,58.6,41.4,53.2,46.8,7,60.00008395,2.12982532,31.05750402,4.509613387,2.302973318,32.65256437,27.34751958,1.509430794,0.6203945256,26.73048307,4.327020952,2.053220448,2.456392939,17.400000000000006,0,0,0,0,1,0
45,CA-25,CA,25,50.0,50.0,54.4,45.6,45.8,54.2,0,43.14339947,9.282949411,35.21960593,9.672375263,2.68166993,27.53547546,15.60792401,7.004765567,2.278183844,31.24908129,3.970524638,4.164385429,5.507989834,0.0,1,0,0,0,0,0
46,CA-26,CA,26,60.6,39.4,61.9,38.1,59.9,40.1,7,48.65413595,1.978984238,39.7825113,7.552844866,2.031523643,25.23826009,23.41587586,1.14466664,0.8343175987,34.03168656,5.750824746,3.131796522,4.421048344,21.200000000000003,1,0,0,0,0,0
47,CA-27,CA,27,69.8,30.2,100.0,0.0,66.5,33.5,16,27.95148315,4.256749935,24.04601748,41.28561659,2.460132856,11.51027468,16.44120846,2.653301101,1.603448834,18.07856652,5.96745096,20.64499906,20.64061753,39.599999999999994,0,0,0,0,0,1
48,CA-28,CA,28,72.7,27.3,78.4,21.6,77.9,22.1,23,56.78810941,3.031147462,21.48082396,15.59181655,3.108102622,26.97767378,29.81043564,1.367292027,1.663855435,16.04838025,5.432443705,5.888269229,9.703547319,45.400000000000006,0,0,1,0,0,0
49,CA-29,CA,29,100.0,0.0,80.6,19.4,75.2,24.8,29,23.21734621,4.496904395,61.75986106,8.810342422,1.715545911,13.85368922,9.363656999,2.933587673,1.563316722,55.16590066,6.593960395,4.87883098,3.931511442,100.0,0,0,1,0,0,0
50,CA-30,CA,30,69.5,30.5,73.4,26.6,72.4,27.6,18,54.07961336,4.316796034,25.73682011,13.23347133,2.633299161,24.72700775,29.35260562,2.294135087,2.022660947,20.66043229,5.076387822,5.861162409,7.372308923,39.0,0,0,0,0,0,1
51,CA-31,CA,31,61.3,38.7,58.7,41.3,55.7,44.3,8,29.63293756,11.54755414,47.44651329,9.081550443,2.291444568,18.30836338,11.32457418,8.939543135,2.608011003,41.44558557,6.000927727,3.979256354,5.102294089,22.599999999999994,1,0,0,0,0,0
52,CA-32,CA,32,66.6,33.4,68.8,31.2,62.4,37.6,17,17.54545623,2.654590302,56.07665019,21.69813069,2.025172591,11.86916677,5.676289462,1.872605196,0.7819851056,49.27535635,6.801293837,13.33821988,8.359910807,33.199999999999996,0,0,0,0,0,1
53,CA-33,CA,33,67.6,32.4,70.0,30.0,66.3,33.7,16,67.35418009,2.847044308,11.52649199,15.42936517,2.842918441,20.41282241,46.94135769,1.972360624,0.8746836836,6.636161451,4.890330541,3.587342628,11.84202254,35.199999999999996,0,0,0,0,0,1
54,CA-34,CA,34,100.0,0.0,72.5,0.0,78.2,21.8,35,15.32318284,5.58129304,53.18899332,23.66502208,2.24150872,5.766718699,9.556464139,3.811741824,1.769551216,46.75505097,6.43394235,12.32492132,11.34010076,100.0,0,0,1,0,0,0
55,CA-35,CA,35,69.3,30.7,69.4,30.6,71.8,28.2,19,17.04061018,5.846423418,66.50113379,8.639455782,1.97237683,12.53391053,4.50669965,4.244897959,1.601525459,59.38548753,7.115646259,4.136672851,4.502782931,38.599999999999994,0,0,0,0,0,1
56,CA-36,CA,36,60.3,39.7,59.0,41.0,61.4,38.6,2,48.7868532,4.321772089,41.11935963,4.171085515,1.600929572,31.95145568,16.83539751,3.450482769,0.8712893201,36.98055092,4.138808709,2.260298607,1.910786909,20.599999999999994,1,0,0,0,0,0
57,CA-37,CA,37,85.9,14.1,89.1,10.9,82.0,18.0,37,28.27637373,22.70611926,36.72926282,9.816643703,2.471600489,8.112191315,20.16418241,16.4750884,6.231030861,31.2441828,5.48508002,2.88533246,6.931311243,71.80000000000001,0,0,1,0,0,0
58,CA-38,CA,38,100.0,0.0,68.9,31.1,69.7,30.3,17,17.52052745,4.529932299,58.11330697,18.19753691,1.638696371,12.39839197,5.122135472,3.403161299,1.126771,49.80393691,8.309370066,8.594459185,9.603077727,100.0,0,0,1,0,0,0
59,CA-39,CA,39,49.4,50.6,51.6,48.4,42.3,57.7,0,34.21986554,1.909942293,28.14109927,34.20399564,1.525097253,19.75603998,14.46382556,1.013888145,0.8960541481,22.49181212,5.649287144,12.90222754,21.30176811,-1.2000000000000028,1,0,0,0,0,0
60,CA-40,CA,40,72.7,27.3,77.3,0.0,71.9,0.0,33,4.2626792,5.773461258,86.80272486,2.496556951,0.6645777297,3.22167688,1.04100232,4.722984777,1.050476481,80.22465315,6.578071708,1.276469881,1.22008707,45.400000000000006,0,0,1,0,0,0
61,CA-41,CA,41,64.0,36.0,65.1,34.9,64.4,35.6,12,24.15869338,10.12312417,56.68362932,7.546252747,1.488300375,17.81707565,6.341617731,7.856734329,2.266389845,51.50160374,5.182025589,4.197367401,3.348885346,28.0,1,0,0,0,0,0
62,CA-42,CA,42,42.9,57.1,43.5,56.5,41.0,59.0,-9,43.88392302,6.545069876,36.78376123,10.23488459,2.552361291,31.30019253,12.58373048,4.543774113,2.001295764,30.64407499,6.139686235,5.343377331,4.891507258,-14.200000000000003,0,0,0,0,1,0
63,CA-43,CA,43,71.7,28.3,77.7,22.3,75.6,24.4,29,17.58168714,21.92391272,43.76640872,14.12580261,2.602188812,8.546003402,9.035683733,16.26839989,5.655512837,38.38071171,5.385697008,5.791010728,8.334791886,43.400000000000006,0,0,1,0,0,0
64,CA-44,CA,44,100.0,0.0,100.0,0.0,51.1,48.9,35,7.828687944,16.38624773,66.78905105,7.500010869,1.4960024,5.173838,2.654849943,12.82123184,3.56501589,61.69499115,5.094059901,4.397577528,3.102433341,100.0,0,0,1,0,0,0
65,CA-45,CA,45,53.5,46.5,52.1,47.9,41.0,59.0,-3,54.47419583,1.737919044,14.97036481,26.02113656,2.796383761,24.03406001,30.44013582,1.112297287,0.6256217571,10.36258782,4.607776988,6.617768749,19.40336781,7.0,0,0,0,0,0,1
66,CA-46,CA,46,68.8,31.2,69.1,30.9,69.9,30.1,15,19.07877689,2.186342776,60.81552132,16.32401006,1.595348954,12.66707905,6.411697832,1.755427196,0.4309155807,54.2036212,6.611900125,9.263222128,7.060787936,37.599999999999994,0,0,1,0,0,0
67,CA-47,CA,47,63.3,36.7,64.9,35.1,62.5,37.5,13,34.79092795,7.099021959,29.89234967,25.68938266,2.528317757,19.37526534,15.41566261,5.204926283,1.894095675,24.65832332,5.234026354,15.00885958,10.68052308,26.599999999999994,0,0,1,0,0,0
68,CA-48,CA,48,48.9,51.1,53.6,46.4,41.5,58.5,-4,56.94588576,1.364988692,18.02088149,20.4291773,3.239066759,27.50022539,29.44566037,0.8206045005,0.5443841918,14.5825141,3.438367385,10.75494463,9.674232673,-2.200000000000003,0,0,0,0,0,1
69,CA-49,CA,49,53.1,46.9,56.4,43.6,49.0,51.0,-1,63.75422751,2.333065807,23.32746373,7.453192942,3.132050007,28.3319957,35.42223181,1.581397763,0.7516680442,18.62619438,4.701269351,2.793849299,4.659343643,6.200000000000003,1,0,0,0,0,0
70,CA-50,CA,50,46.0,54.0,48.3,51.7,36.1,63.9,-11,60.07481704,2.731550082,26.70881767,6.824054013,3.660761197,39.20967859,20.86513845,2.083148849,0.6484012334,22.12120675,4.587610912,3.352598426,3.471455587,-8.0,1,0,0,0,0,0
71,CA-51,CA,51,68.3,31.7,71.2,28.8,71.9,28.1,22,15.35809529,6.724412943,67.29813574,8.889061002,1.730295025,11.12341487,4.234680421,5.766324348,0.9580885955,59.7142271,7.583908633,6.330041321,2.559019681,36.599999999999994,0,0,0,0,0,1
72,CA-52,CA,52,61.6,38.4,63.8,36.2,56.4,43.6,6,61.0633965,2.73817002,11.41778171,21.31888739,3.461764384,21.6185166,39.4448799,1.574489454,1.163680566,7.094930763,4.322850943,7.286530397,14.03235699,23.200000000000003,0,0,0,0,0,1
73,CA-53,CA,53,100.0,0.0,69.1,30.9,66.1,33.9,14,43.59584615,7.790915402,29.67095115,15.71306607,3.229221235,22.30945057,21.28639558,5.791571579,1.999343824,20.84284215,8.828108998,8.63705656,7.076009505,100.0,0,0,0,0,0,1
74,CO-1,CO,1,73.6,23.5,73.8,23.0,67.8,28.4,21,64.18772145,7.348014559,22.15877092,3.723727783,2.581765287,22.64439059,41.54333086,5.452199127,1.895815432,17.17770977,4.981061155,1.472145255,2.251582528,50.099999999999994,0,0,0,0,0,1
75,CO-2,CO,2,61.5,35.4,60.3,33.6,56.8,37.4,9,84.55976981,1.015881694,8.821289671,3.442424199,2.160634629,34.44057278,50.11919702,0.6076119236,0.4082697705,5.952573253,2.868716418,1.01889934,2.423524859,26.1,0,0,0,0,1,0
76,CO-3,CO,3,45.2,51.4,43.6,51.5,40.6,54.6,-6,75.04004995,0.0,20.73007737,0.0,4.229872681,46.42746987,28.61258008,0.0,0.0,17.52533381,3.204743559,0.0,0.0,-6.199999999999996,0,1,0,0,0,0
77,CO-4,CO,4,36.9,60.6,39.4,60.6,31.5,63.8,-13,75.98336823,1.347166811,18.41998149,2.378494794,1.870988684,43.95346401,32.02990422,1.126818134,0.2203486764,15.54583098,2.874150507,0.9494056769,1.429089117,-23.700000000000003,0,0,0,1,0,0
78,CO-5,CO,5,37.4,57.6,39.3,57.0,30.8,62.4,-14,75.00266421,5.629160006,13.6541223,2.782338544,2.931714939,43.63235706,31.37030715,4.072358142,1.556801864,11.05367255,2.600449755,1.599790476,1.182548069,-20.200000000000003,1,0,0,0,0,0
79,CO-6,CO,6,57.1,40.0,54.1,42.9,42.4,51.3,2,64.98888652,9.299019546,16.64678818,6.572239379,2.493066371,30.98254567,34.00634085,6.671303987,2.627715559,13.57006318,3.076725003,3.336367261,3.235872117,17.1,1,0,0,0,0,0
80,CO-7,CO,7,59.1,37.6,60.4,35.4,55.2,40.0,6,67.87141495,1.592046197,24.64564651,3.63263659,2.258255749,38.17053965,29.7008753,0.9117303592,0.680315838,21.22942536,3.416221158,2.044340165,1.588296425,21.5,1,0,0,0,0,0
81,CT-1,CT,1,63.8,35.0,63.9,35.0,63.6,34.3,12,64.19983024,14.80081741,13.86031675,5.572607214,1.56642839,35.82229445,28.37753579,11.40407336,3.396744049,11.68364905,2.176667699,1.928267717,3.644339497,28.799999999999997,0,0,0,0,1,0
82,CT-2,CT,2,59.4,38.2,62.2,35.4,63.0,33.9,3,84.2224411,3.819495112,7.005650405,3.274924202,1.677489177,52.64746178,31.57497933,3.054825948,0.7646691635,5.576025098,1.429625306,1.555482595,1.719441607,21.199999999999996,0,0,0,1,0,0
83,CT-3,CT,3,58.7,39.8,64.6,35.4,68.7,31.3,9,67.98065134,13.74911689,13.8939563,4.135007645,0.2412678171,40.20572706,27.77492428,10.9286843,2.82043259,11.47635831,2.417597988,1.484603925,2.65040372,18.900000000000006,0,0,0,0,1,0
84,CT-4,CT,4,62.2,36.3,61.2,38.8,60.1,39.9,7,63.16566625,11.95674822,18.15580898,5.834622258,0.8871542943,22.33893782,40.82672843,9.254013031,2.702735192,14.26819788,3.887611095,1.620038307,4.214583951,25.900000000000006,0,0,0,0,1,0
85,CT-5,CT,5,55.1,43.5,55.9,44.1,57.9,42.1,2,70.72684932,7.071722138,16.62604879,4.073220486,1.502159266,42.02575875,28.70109056,5.582199543,1.489522595,14.14103729,2.485011503,1.367568684,2.705651802,11.600000000000001,0,0,0,0,1,0
86,DE-AL,DE,AL,57.6,40.2,64.5,35.5,55.5,41.0,6,66.62384277,21.11853295,7.183356588,3.764671306,1.309596384,42.59731039,24.02653238,15.93005204,5.188480906,6.183518087,0.9998385011,1.282825388,2.481845918,17.4,0,0,0,0,1,0
87,FL-1,FL,1,34.0,64.6,32.9,67.1,30.9,69.1,-22,76.37325413,11.79864901,5.856688364,2.451939493,3.519468999,54.0826816,22.29057253,10.25218555,1.546463458,4.573990869,1.282697495,1.716104719,0.7358347741,-30.599999999999994,0,0,0,1,0,0
88,FL-2,FL,2,0.0,97.9,32.6,67.4,29.9,67.3,-18,78.90785371,11.98035006,5.22960183,1.905056646,1.977137753,58.53299278,20.37486093,10.44941003,1.530940032,4.065139383,1.164462447,0.8524374383,1.052619208,-97.9,0,0,0,1,0,0
89,FL-3,FL,3,42.9,57.1,42.4,57.6,39.7,56.6,-9,69.74614195,15.64286495,9.681437631,3.359782575,1.569772891,48.07390428,21.67223767,12.58532223,3.05754272,6.583479117,3.097958514,1.561963075,1.7978195,-14.200000000000003,0,1,0,0,0,0
90,FL-4,FL,4,38.9,61.1,32.4,65.2,27.6,70.2,-17,76.79109621,9.05414172,7.665459313,4.725236853,1.7640659,43.83860875,32.95248746,6.150410185,2.903731535,4.962427863,2.70303145,2.208714573,2.51652228,-22.200000000000003,0,0,0,0,1,0
91,FL-5,FL,5,65.1,34.9,66.8,33.2,64.2,35.8,12,42.89826077,44.23080857,8.462926368,2.581223227,1.82678106,32.05826879,10.83999198,37.12804651,7.10276206,7.142652576,1.320273792,1.74127216,0.8399510676,30.199999999999996,0,0,0,0,1,0
92,FL-6,FL,6,39.4,60.6,43.7,56.3,41.4,58.6,-7,76.70943992,8.980696362,11.23683651,1.874352581,1.198674625,56.43184679,20.27759314,7.522210488,1.458485874,9.418663895,1.818172616,1.109090357,0.7652622238,-21.200000000000003,0,0,0,0,1,0
93,FL-7,FL,7,55.3,43.2,57.7,42.3,51.5,48.5,0,58.37649314,10.80208019,24.63250564,5.087236648,1.101684386,30.23251273,28.14398041,7.786514261,3.015565929,18.14007561,6.492430024,2.146394278,2.940842371,12.099999999999994,0,0,0,0,1,0
94,FL-8,FL,8,38.6,61.4,39.5,60.5,32.5,63.1,-11,77.69934426,8.366734407,9.744240768,2.178278979,2.011401582,52.91378513,24.78555913,6.657350199,1.709384209,7.342093543,2.402147224,1.212335277,0.9659437019,-22.799999999999997,0,0,0,0,1,0
95,FL-9,FL,9,56.0,44.0,58.0,42.0,57.5,42.5,5,43.57071071,12.02908987,41.11326533,3.212072772,0.07486131664,31.50901739,12.06169332,9.707439442,2.321650431,31.78124036,9.332024975,1.573670341,1.638402431,12.0,0,0,0,0,1,0
96,FL-10,FL,10,63.6,36.4,100.0,0.0,64.9,35.1,11,38.80409416,26.85872133,27.04923937,5.84609456,1.441850582,22.11647891,16.68761525,20.95644376,5.902277573,20.72684972,6.322389651,2.808250259,3.037844301,27.200000000000003,0,0,0,0,1,0
97,FL-11,FL,11,33.3,66.7,34.8,65.1,31.6,65.4,-15,81.34862112,6.115582273,9.672224017,1.500063205,1.363509386,61.51570057,19.83292055,5.203246704,0.9123355697,7.852858969,1.819365048,0.8750368695,0.6250263354,-33.400000000000006,0,0,0,1,0,0
98,FL-12,FL,12,37.1,62.9,39.7,58.1,31.4,68.6,-8,79.09384984,5.037201303,11.55446341,3.049857571,1.264627879,56.98700244,22.1068474,3.578284228,1.458917075,9.127263586,2.427199822,1.229665813,1.820191759,-25.799999999999997,0,0,0,0,1,0
99,FL-13,FL,13,53.0,47.0,57.6,42.4,51.9,48.1,2,75.65796233,10.31448279,9.361504643,3.37970688,1.286343363,49.10707011,26.55089222,8.500635909,1.813846879,6.47476025,2.886744393,2.162976976,1.216729903,6.0,1,0,0,0,0,0
100,FL-14,FL,14,60.3,39.7,100.0,0.0,61.8,38.2,7,46.39860207,16.56704451,31.45580513,4.829232947,0.7493153353,22.92210173,23.47650034,13.5620637,3.004980815,23.38667373,8.069131401,1.468279101,3.360953846,20.599999999999994,1,0,0,0,0,0
101,FL-15,FL,15,44.6,55.4,47.0,53.0,42.5,57.5,-6,60.96398691,14.01099536,20.14304987,3.154278076,1.727689784,44.4700596,16.49392731,10.60982828,3.401167079,16.0392534,4.103796474,1.684497539,1.469780537,-10.799999999999997,0,0,0,0,1,0
102,FL-16,FL,16,44.5,55.5,45.4,54.6,40.2,59.8,-7,74.91065188,7.837607698,13.77868525,2.305349289,1.167705882,47.62918471,27.28146717,5.988994387,1.848613311,11.43274399,2.345941261,1.222642385,1.082706905,-11.0,0,0,0,0,1,0
103,FL-17,FL,17,34.1,64.6,37.7,62.3,34.2,61.8,-13,78.28033897,6.511130033,12.78238657,1.377285813,1.048858614,58.64331184,19.63702713,5.813566882,0.6975631513,10.92438065,1.85800592,0.8660746868,0.511211126,-30.499999999999993,0,0,0,1,0,0
104,FL-18,FL,18,41.5,56.3,45.7,54.3,43.0,53.6,-5,70.59712406,11.53134376,14.48275862,2.461445368,0.9273281955,45.39403464,25.20308941,9.267903216,2.263440544,11.29434308,3.188415541,1.14247775,1.318967618,-14.799999999999997,0,0,0,0,1,0
105,FL-19,FL,19,38.7,61.3,37.7,62.3,34.1,65.9,-13,74.98294521,6.304691618,16.18391268,1.797109988,0.7313405067,46.18592825,28.79701696,5.181556017,1.123135601,13.4683246,2.71558808,0.9453006295,0.8518093584,-22.599999999999994,0,0,0,0,1,0
106,FL-20,FL,20,78.7,21.3,100.0,0.0,80.3,19.7,31,19.92336313,49.72710386,26.56454591,2.582836527,1.202150573,13.6524005,6.270962628,41.95896279,7.768141065,21.3672032,5.197342712,1.448099728,1.134736799,57.400000000000006,0,0,0,0,0,1
107,FL-21,FL,21,59.0,39.1,100.0,0.0,62.7,35.2,9,59.59798894,14.13062499,22.36922694,2.764541184,1.137617952,33.12401567,26.47397327,11.39754876,2.733076229,16.41444225,5.954784692,1.32657594,1.437965244,19.9,1,0,0,0,0,0
108,FL-22,FL,22,58.6,41.4,62.0,38.0,58.9,41.1,6,60.88869802,13.50294529,20.70186176,3.661267552,1.245227382,32.30619171,28.58250631,9.784128132,3.718817156,13.7112366,6.990625152,1.862625096,1.798642455,17.200000000000003,1,0,0,0,0,0
109,FL-23,FL,23,58.2,41.8,58.5,36.0,56.7,40.5,11,39.96113509,14.06164241,39.64480145,5.019988726,1.31243232,22.69740258,17.26373251,9.299207868,4.762434545,24.21361607,15.43118538,2.410514292,2.609474434,16.400000000000006,0,0,0,0,0,1
110,FL-24,FL,24,75.6,20.4,100.0,0.0,100.0,0.0,34,11.03616968,44.91703125,43.83978264,1.302390897,-1.095374471,6.364276406,4.671893275,38.98892033,5.928110923,34.72877032,9.11101232,0.5702968635,0.7320940332,55.199999999999996,0,0,0,0,0,1
111,FL-25,FL,25,0.0,100.0,39.5,60.5,37.6,62.4,-4,20.48221528,3.7322118,75.36342983,0.9709465204,-0.5488034343,13.45230463,7.029910658,3.283760993,0.4484508063,56.47640319,18.88702664,0.33398609,0.6369604304,-100.0,0,0,0,0,0,1
112,FL-26,FL,26,48.3,51.7,50.9,49.1,41.2,53.0,6,15.61413978,10.56160428,72.5575655,1.631399734,-0.3647092949,9.725396441,5.888743342,8.12485104,2.436753237,53.15074466,19.40682084,0.8565310493,0.7748686843,-3.4000000000000057,0,0,0,0,0,1
113,FL-27,FL,27,48.6,51.4,51.8,45.8,45.1,54.9,5,20.54062746,5.376259558,72.26381048,2.397627385,-0.5783248767,7.798542128,12.74208533,3.484242121,1.892017437,47.30633174,24.95747874,0.9497605946,1.447866791,-2.799999999999997,0,0,0,0,0,1
114,GA-1,GA,1,41.7,58.3,42.3,57.7,0.0,100.0,-9,61.9240021,28.91206289,5.76047933,1.902349019,1.501106668,43.93613743,17.98786467,23.00129278,5.910770105,4.59837742,1.16210191,1.255758478,0.6465905407,-16.599999999999994,0,0,0,1,0,0
115,GA-2,GA,2,59.1,40.9,59.6,40.4,61.0,39.0,6,42.93397213,51.4216629,3.93805459,0.9037641846,0.8025461948,31.87152063,11.0624515,45.21115197,6.210510926,3.211759281,0.7262953091,0.5652462409,0.3385179437,18.200000000000003,0,0,0,1,0,0
116,GA-3,GA,3,35.0,65.0,34.5,65.5,31.6,68.4,-18,67.30522387,24.18785507,5.092346822,2.169021227,1.245553011,48.23051446,19.07470941,19.45621945,4.73163562,4.324968901,0.7673779208,1.110657719,1.058363508,-30.0,0,0,0,1,0,0
117,GA-4,GA,4,80.1,19.9,78.8,21.2,75.6,24.4,24,25.55170664,59.85786345,8.229656058,4.619341643,1.741432207,15.45124605,10.10046059,42.669991,17.18787245,7.108941877,1.120714181,2.951149933,1.668191709,60.199999999999996,0,0,0,0,1,0
118,GA-5,GA,5,85.1,14.9,100.0,0.0,84.6,15.4,34,33.5008211,54.22498225,5.330882353,5.056071724,1.887242573,7.852075689,25.64874541,38.82560066,15.39938158,3.237809208,2.093073145,1.665877619,3.390194106,70.19999999999999,1,0,0,0,0,0
119,GA-6,GA,6,54.6,45.4,50.5,49.5,38.4,61.6,-8,62.68954209,13.37393122,9.682652807,12.10423342,2.149640471,18.46817354,44.22136855,6.738244093,6.635687122,6.464372558,3.218280249,2.381987056,9.722246365,9.200000000000003,1,0,0,0,0,0
120,GA-7,GA,7,51.4,48.6,49.9,50.1,39.5,60.5,-9,44.42615663,20.49351375,16.788946,16.78674166,1.504641961,21.5005272,22.92562943,12.09114188,8.402371864,13.28221727,3.506728731,7.41372786,9.373013803,2.799999999999997,0,0,0,0,1,0
121,GA-8,GA,8,35.5,64.5,0.0,99.7,32.3,67.7,-15,62.66848835,29.15697116,5.111756292,1.661934547,1.400849647,45.58909549,17.07939287,25.15338471,4.003586448,4.699314732,0.4124415601,1.130158188,0.5317763593,-29.0,0,1,0,0,0,0
122,GA-9,GA,9,21.4,78.6,20.5,79.5,0.0,100.0,-31,81.57380143,6.244243111,9.773499434,1.289543224,1.118912797,60.43204983,21.1417516,5.240845602,1.003397508,8.372970932,1.400528501,0.9131747829,0.3763684409,-57.199999999999996,0,1,0,0,0,0
123,GA-10,GA,10,37.7,62.3,37.1,62.9,0.0,100.0,-15,66.7766163,25.93214652,4.428302329,2.278827419,0.5841074273,43.68456582,23.09205048,21.94728077,3.984865756,3.2315895,1.196712829,1.115463284,1.163364135,-24.599999999999994,0,1,0,0,0,0
124,GA-11,GA,11,39.6,60.4,38.2,61.8,32.5,67.5,-17,68.99929562,16.60365977,9.375163918,3.259998052,1.761882639,37.37158208,31.62771354,10.30247057,6.301189201,7.414144517,1.9610194,1.057691587,2.202306465,-20.799999999999997,0,0,0,0,1,0
125,GA-12,GA,12,41.6,58.4,40.5,59.5,38.4,61.6,-9,58.14317622,33.58417815,4.953748961,1.792267002,1.526629671,43.05983224,15.08334397,29.29295255,4.291225595,3.831331808,1.122417153,0.8726887564,0.9195782458,-16.799999999999997,0,1,0,0,0,0
126,GA-13,GA,13,77.4,22.6,76.2,23.8,100.0,0.0,20,26.78284557,61.1417662,8.608453043,3.016809853,0.4501253366,19.47529355,7.307552017,41.42996283,19.71180337,7.535913017,1.072540026,1.716684905,1.300124949,54.800000000000004,0,0,0,0,1,0
127,GA-14,GA,14,25.3,74.7,23.5,76.5,0.0,100.0,-27,79.25619208,9.053378216,9.380371781,1.041011467,1.269046453,63.67666975,15.57952234,7.265567537,1.78781068,8.869597999,0.5107737823,0.6695582514,0.3714532159,-49.400000000000006,0,0,0,1,0,0
128,HI-1,HI,1,72.0,28.0,73.1,23.1,71.9,22.7,17,15.69238039,2.306643583,6.688317473,55.60074209,19.71191646,7.52491392,8.167466468,1.605025776,0.7016178071,4.717280752,1.971036721,34.89071959,20.7100225,44.0,0,0,0,0,0,1
129,HI-2,HI,2,63.0,30.9,77.4,22.6,81.1,18.9,19,32.4793354,1.350434113,9.024547669,30.6323263,26.51335651,18.43032335,14.04901206,0.9159049741,0.4345291386,7.410522809,1.61402486,21.23446251,9.397863791,32.1,0,0,0,1,0,0
130,IA-1,IA,1,48.6,51.2,51.0,45.9,46.1,53.9,1,90.74481121,3.310676266,2.913379796,1.450371448,1.580761277,65.38083021,25.36398101,2.811710194,0.4989660718,2.447346251,0.4660335452,0.6326108601,0.8177605882,-2.6000000000000014,0,0,0,1,0,0
131,IA-2,IA,2,49.9,49.9,54.8,42.6,53.7,46.3,1,87.53077938,4.177857017,4.409329298,2.403299284,1.478735022,61.98233391,25.54844546,3.764689405,0.4131676121,3.685954762,0.7233745365,1.03736678,1.365932504,0.0,0,0,0,1,0,0
132,IA-3,IA,3,48.9,47.5,49.3,47.1,39.8,53.5,-1,86.37060262,4.077566276,5.076462048,3.517025994,0.9583430619,54.63204998,31.73855264,3.260718819,0.8168474569,4.332644581,0.7438174672,1.992524959,1.524501035,1.3999999999999986,0,0,0,0,1,0
133,IA-4,IA,4,37.8,62.0,47.0,50.3,38.6,61.4,-11,89.42530702,1.947336386,5.448563665,1.703670699,1.475122231,65.94607927,23.47922775,1.684376355,0.2629600309,4.930600034,0.5179636312,0.756457638,0.9472130613,-24.200000000000003,0,1,0,0,0,0
134,ID-1,ID,1,28.6,67.8,30.8,62.8,32.0,68.0,-21,86.02340175,0.0,8.940667002,1.468363513,3.567567739,61.53903545,24.48436629,0.0,0.0,7.906621605,1.034045397,0.9078455059,0.5605180069,-39.199999999999996,0,0,0,1,0,0
135,ID-2,ID,2,31.7,64.1,39.3,60.7,29.3,63.0,-17,84.39553899,0.0,10.99799647,1.672876882,2.933587656,57.27944492,27.11609407,0.0,0.0,9.489616371,1.508380095,0.7017913515,0.9710855309,-32.39999999999999,0,0,0,1,0,0
136,IL-1,IL,1,73.8,26.2,73.5,19.8,73.4,26.6,27,36.51340815,50.47277664,9.217452645,2.649435765,1.146926798,21.69461357,14.81879459,37.82643735,12.64633929,7.749189482,1.468263164,0.7605849265,1.888850838,47.599999999999994,0,0,0,0,0,1
137,IL-2,IL,2,78.8,21.2,81.1,18.9,79.6,20.4,29,29.08770268,55.39064938,13.31243875,0.0,2.209209185,21.96048218,7.127220504,41.66133753,13.72931185,11.82719191,1.485246839,0.0,0.0,57.599999999999994,1,0,0,0,0,0
138,IL-3,IL,3,56.4,43.6,73.0,25.9,100.0,0.0,6,61.66671831,5.299494903,27.22051791,5.241238263,0.5720306157,39.34368318,22.32303513,4.187454164,1.112040738,22.05984733,5.160670571,2.851269974,2.389968289,12.799999999999997,0,0,0,0,0,1
139,IL-4,IL,4,84.1,15.9,86.6,13.4,100.0,0.0,33,28.00427744,4.959106841,61.40068694,5.153836168,0.4820926031,12.2947916,15.70948585,3.518769927,1.440336915,54.15741611,7.243270837,2.355234698,2.798601469,68.19999999999999,0,0,1,0,0,0
140,IL-5,IL,5,70.8,26.6,76.7,23.3,67.6,27.8,20,69.28311625,3.164685972,18.57109463,7.303668103,1.677435039,25.15404539,44.12907087,1.613666327,1.551019645,13.26389214,5.307202498,2.57318909,4.730479013,44.199999999999996,0,0,1,0,0,0
141,IL-6,IL,6,52.8,45.4,53.6,46.4,40.5,59.5,-2,78.02855008,2.016273952,8.650029277,9.70904759,1.596099097,35.30922527,42.71932481,1.396208129,0.6200658227,6.663032285,1.986996992,2.688230662,7.020816928,7.399999999999999,0,0,0,0,1,0
142,IL-7,IL,7,80.4,13.3,87.6,12.4,84.0,16.0,38,34.57602041,41.56322268,14.21634017,8.321343345,1.323073398,7.419036024,27.15698439,34.6263104,6.936912272,10.58594637,3.630393796,2.34498935,5.976353995,67.10000000000001,0,0,1,0,0,0
143,IL-8,IL,8,73.2,0.0,66.0,34.0,58.1,41.9,8,56.57891231,5.601385487,21.84909257,14.6724327,1.298176937,35.46273429,21.11617802,4.474344917,1.127040571,19.23654735,2.612545218,4.933031368,9.73940133,73.2,1,0,0,0,0,0
144,IL-9,IL,9,71.0,29.0,73.5,26.5,65.8,34.2,18,65.6875033,8.736212489,9.279598297,14.64619307,1.650492841,24.64144162,41.04606167,5.603971663,3.132240826,6.749794202,2.529804096,6.360488285,8.285704788,42.0,0,0,0,0,0,1
145,IL-10,IL,10,63.9,36.1,65.6,34.4,52.5,47.5,10,59.83394052,6.55638397,19.7792934,11.94103194,1.889350165,28.55312209,31.28081844,5.29314581,1.26323816,17.69698382,2.082309582,3.112344319,8.828687622,27.799999999999997,0,0,0,0,1,0
146,IL-11,IL,11,63.3,36.7,63.8,36.2,59.9,40.1,9,55.47222409,11.2512212,23.22231674,8.710290055,1.343947918,31.03502729,24.43719681,7.917143916,3.334077281,20.04678446,3.175532273,2.657787023,6.052503032,26.599999999999994,1,0,0,0,0,0
147,IL-12,IL,12,39.6,60.4,45.4,51.6,39.7,54.3,-5,79.07919978,15.46261357,2.81952906,1.514429665,1.124227923,59.26723865,19.81196113,12.89057065,2.57204292,2.256466471,0.5630625883,0.862196176,0.6522334886,-20.799999999999997,0,0,0,1,0,0
148,IL-13,IL,13,45.5,54.5,49.6,50.4,40.3,59.7,-3,82.84166683,9.816113418,2.855749132,3.007608415,1.478862203,56.90551395,25.93615288,8.00881137,1.807302048,2.081664095,0.7740850368,0.8217617884,2.185846627,-9.0,0,0,0,1,0,0
149,IL-14,IL,14,50.7,49.3,52.5,47.5,40.4,59.6,-5,81.22172269,2.970559939,10.09516495,5.097524159,0.6150282594,45.62116629,35.60055641,1.493961039,1.4765989,7.817865029,2.277299922,1.965802713,3.131721446,1.4000000000000057,0,0,0,0,1,0
150,IL-15,IL,15,26.6,73.4,29.1,70.9,0.0,100.0,-21,92.03238461,4.094816793,2.06556214,0.0,1.807236458,72.16947667,19.86290794,3.838577748,0.2562390452,1.699565979,0.3659961606,0.0,0.0,-46.800000000000004,0,1,0,0,0,0
151,IL-16,IL,16,35.3,64.7,40.9,59.1,0.0,99.9,-8,86.05160135,3.448002999,7.884511266,0.0,2.615884386,65.63429262,20.41730873,2.738328266,0.7096747324,6.84040648,1.044104785,0.0,0.0,-29.400000000000006,0,0,0,1,0,0
152,IL-17,IL,17,52.0,48.0,62.1,37.9,60.1,39.9,3,80.64884142,10.34135912,7.081476385,0.0,1.928323075,62.90683219,17.74200923,9.411923512,0.9294356112,6.29007361,0.791402775,0.0,0.0,4.0,0,0,0,1,0,0
153,IL-18,IL,18,29.6,70.4,32.8,67.2,27.8,72.2,-15,90.68376334,3.324122657,2.158609912,2.765479628,1.068024465,61.08251317,29.60125017,2.650604903,0.6735177538,1.373736119,0.784873793,0.5940368634,2.171442764,-40.800000000000004,0,0,0,1,0,0
154,IN-1,IN,1,56.6,40.4,65.1,34.9,81.5,0.0,8,66.64002256,16.9977907,13.69743791,1.654233877,1.010514955,48.98978936,17.6502332,14.59048887,2.407301838,11.86994971,1.827488198,0.7137104218,0.9405234553,16.200000000000003,0,0,0,0,1,0
155,IN-2,IN,2,38.5,61.5,45.2,54.8,36.9,59.3,-11,83.45019393,6.050363147,7.313839813,1.35876622,1.826836889,64.06955509,19.38063884,5.055582083,0.9947810644,6.294765148,1.019074665,0.6014760457,0.7572901745,-23.0,0,0,0,1,0,0
156,IN-3,IN,3,32.2,67.8,35.3,64.7,23.0,70.1,-18,85.63268645,5.700665689,4.81153592,2.326284231,1.528827711,63.95951871,21.67316774,4.655187698,1.04547799,4.260086072,0.5514498477,1.443198852,0.883085379,-35.599999999999994,0,0,0,1,0,0
157,IN-4,IN,4,33.4,66.6,35.9,64.1,30.5,64.6,-17,87.29339752,4.20561495,4.644008028,2.401866319,1.455113187,64.54973253,22.74366499,3.059156078,1.146458871,3.891962993,0.7520450347,0.8460006877,1.555865631,-33.199999999999996,0,0,0,1,0,0
158,IN-5,IN,5,45.9,50.0,43.2,56.8,34.3,61.5,-9,83.30717779,7.836052207,3.967079384,3.463515342,1.426175278,42.84948368,40.4576941,4.889132139,2.946920068,2.466812244,1.50026714,1.037658399,2.425856943,-4.100000000000001,0,0,0,0,1,0
159,IN-6,IN,6,27.8,68.7,32.9,63.8,26.7,69.1,-18,92.45501207,2.096731655,2.10525248,0.0,3.343003794,73.05897628,19.39603579,1.790996328,0.3057353269,1.743320282,0.3619321986,0.0,0.0,-40.900000000000006,0,1,0,0,0,0
160,IN-7,IN,7,62.4,37.6,64.8,35.1,60.0,35.7,11,56.52097985,29.30690279,8.360983664,3.866746575,1.944387115,40.14748607,16.37349378,24.09944594,5.207456858,7.376089476,0.9848941879,1.831470574,2.035276001,24.799999999999997,1,0,0,0,0,0
161,IN-8,IN,8,29.8,66.9,35.6,64.4,31.6,63.7,-15,91.88583648,3.996171968,1.940339013,0.0,2.177652535,71.37035805,20.51547843,3.447473723,0.5486982445,1.743632019,0.1967069943,0.0,0.0,-37.10000000000001,0,0,0,1,0,0
162,IN-9,IN,9,34.8,60.9,43.5,56.5,40.5,54.1,-13,91.07558026,2.758816392,2.829269247,2.09636385,1.239970253,66.63509335,24.44048691,2.232768406,0.5260479862,2.346275784,0.4829934635,0.8507182277,1.245645622,-26.1,0,0,0,1,0,0
163,KS-1,KS,1,28.8,71.2,31.9,68.1,0.0,66.2,-24,81.14038623,2.389333763,12.66145357,1.554970352,2.253856076,57.87114169,23.26924455,1.771958582,0.6173751814,11.55613479,1.105318787,0.7125454578,0.8424248939,-42.400000000000006,0,1,0,0,0,0
164,KS-2,KS,2,40.6,55.1,46.8,47.6,32.5,61.1,-10,85.46836034,4.258805302,5.275009816,0.0,4.997824541,58.93094776,26.53741258,3.660501098,0.5983042034,4.435813356,0.8391964598,0.0,0.0,-14.5,0,1,0,0,0,0
165,KS-3,KS,3,53.6,43.6,53.6,43.9,40.6,51.3,-4,75.4870344,7.829635931,9.610315131,5.225046118,1.84796842,34.53752999,40.94950441,5.789740306,2.039895625,8.032077077,1.578238055,2.022882158,3.20216396,10.0,1,0,0,0,0,0
166,KS-4,KS,4,36.3,63.7,40.6,59.4,29.4,61.0,-15,77.71067801,6.301953134,9.649374624,3.424323129,2.9136711,52.12548168,25.58519633,5.251103759,1.050849375,7.985617089,1.663757536,2.366349351,1.057973778,-27.400000000000006,0,0,0,0,1,0
167,KY-1,KY,1,25.0,75.0,31.4,68.6,27.4,72.6,-23,89.18580367,6.910773116,2.107229296,0.0,1.796193914,73.47598734,15.70981633,6.256121549,0.6546515675,1.925100576,0.1821287205,0.0,0.0,-50.0,0,1,0,0,0,0
168,KY-2,KY,2,26.3,71.0,31.1,66.7,0.0,100.0,-19,89.2635361,5.022287976,2.517772739,2.031280022,1.16512316,69.87703186,19.38650425,4.042385582,0.979902394,1.977289321,0.5404834185,1.283287861,0.7479921608,-44.7,0,1,0,0,0,0
169,KY-3,KY,3,62.7,37.3,62.1,36.6,63.5,36.5,6,70.53225969,20.74626461,4.868611837,2.77372857,1.079135296,44.35503881,26.17722088,16.31961944,4.426645163,3.448115439,1.420496398,0.7829400864,1.990788484,25.400000000000006,1,0,0,0,0,0
170,KY-4,KY,4,32.9,67.1,34.6,62.2,28.7,71.3,-18,91.95095477,3.25114222,2.537134191,1.36065681,0.9001120088,64.92142063,27.02953414,2.482861883,0.7682803376,2.212077706,0.3250564855,0.8185110912,0.5421457192,-34.199999999999996,0,0,0,1,0,0
171,KY-5,KY,5,15.8,84.2,21.0,78.9,0.0,100.0,-31,96.41653288,1.203558129,0.0,0.0,2.379908991,83.09805624,13.31847664,1.120897881,0.08266024769,0.0,0.0,0.0,0.0,-68.4,0,1,0,0,0,0
172,KY-6,KY,6,41.0,57.3,47.8,51.0,38.9,61.1,-9,84.67551112,8.238223577,3.640064312,2.018151952,1.428049042,55.62890459,29.04660652,6.436765153,1.801458425,2.937358158,0.7027061539,0.56456403,1.453587922,-16.299999999999997,0,0,0,1,0,0
173,LA-1,LA,1,25.3,72.2,26.6,71.5,25.4,74.6,-24,76.15716703,11.55496816,7.871604203,2.224832434,2.191428177,49.7362153,26.42095173,9.216307087,2.33866107,6.236611066,1.634993138,0.8961054994,1.328726935,-46.900000000000006,0,0,0,1,0,0
174,LA-2,LA,2,74.2,19.9,80.6,0.0,69.8,30.2,25,31.48767456,58.85185856,5.66510894,2.51121618,1.484141759,19.4849435,12.00273106,47.99737877,10.85447979,4.536626708,1.128482233,1.573834588,0.9373815917,54.300000000000004,1,0,0,0,0,0
175,LA-3,LA,3,29.5,67.8,30.4,68.4,43.9,56.1,-20,71.07114874,22.87336359,3.412836551,1.386905704,1.255745412,52.32514026,18.74600848,19.63286557,3.240498028,2.981608963,0.4312275879,0.8189892651,0.5679164387,-38.3,0,0,0,1,0,0
176,LA-4,LA,4,33.3,66.7,33.6,64.2,34.8,65.2,-13,60.31590151,32.61678114,3.702253284,1.077840704,2.28722336,46.08085311,14.2350484,28.79523637,3.821544764,3.265855324,0.4363979596,0.7525003012,0.3253404025,-33.400000000000006,0,1,0,0,0,0
177,LA-5,LA,5,32.2,67.8,30.0,66.5,18.4,81.6,-15,62.1796957,32.75967927,2.553895697,0.0,2.506729338,49.29819711,12.88149859,28.35308086,4.406598411,2.154811375,0.3990843221,0.0,0.0,-35.599999999999994,0,1,0,0,0,0
178,LA-6,LA,6,25.5,71.0,28.6,69.5,37.3,62.7,-19,69.51951867,22.66677259,4.126544593,2.261021867,1.426142285,47.64771638,21.87180229,16.63403941,6.032733181,3.429550652,0.6969939417,1.125404058,1.135617809,-45.5,0,0,0,1,0,0
179,MA-1,MA,1,96.5,0.0,97.6,0.0,73.4,0.0,12,76.50434848,6.067877075,14.85432146,1.98230516,0.5911478285,50.41623855,26.08810993,4.507452699,1.560424375,12.80985273,2.044468729,1.122111819,0.8601933406,96.5,0,0,0,0,1,0
180,MA-2,MA,2,65.3,34.6,67.2,32.8,98.2,0.0,9,79.56344479,4.862205178,8.39026752,5.374228603,1.809853905,46.68692986,32.87651494,3.065800294,1.796404885,6.941039494,1.449228026,1.681703952,3.69252465,30.699999999999996,0,0,0,1,0,0
181,MA-3,MA,3,97.7,0.0,62.0,33.5,68.7,31.3,9,69.24117227,3.673760552,18.15906997,7.525301688,1.400695518,38.37088337,30.87028891,2.68361372,0.9901468315,15.97164428,2.187425693,3.677661693,3.847639995,97.7,0,0,0,0,1,0
182,MA-4,MA,4,60.8,38.9,97.7,0.0,70.0,30.0,9,83.77929863,3.146646529,4.190494171,6.840987398,2.042573276,40.95001652,42.82928211,2.100155756,1.046490773,2.767734932,1.422759239,1.289469958,5.55151744,21.9,0,0,0,0,1,0
183,MA-5,MA,5,74.3,25.6,75.9,24.0,98.6,0.0,18,71.31154191,4.83577147,8.455916247,13.02156894,2.375201437,27.32053235,43.99100956,2.643660782,2.192110688,5.983177039,2.472739207,2.750233242,10.2713357,48.699999999999996,0,0,0,0,0,1
184,MA-6,MA,6,65.4,34.4,65.2,31.4,98.4,0.0,6,83.14666851,3.407459436,7.597000504,4.522535342,1.326336208,42.1223199,41.02434861,2.072025024,1.335434412,5.964964635,1.632035869,1.85930901,2.663226332,31.000000000000007,0,0,0,0,1,0
185,MA-7,MA,7,86.6,0.0,98.3,0.0,98.6,0.0,34,43.5338935,24.87792577,19.436054,11.0771891,1.074937635,13.95996001,29.57393348,19.21072776,5.667198012,14.70654455,4.729509452,4.775619377,6.301569719,86.6,0,0,1,0,0,0
186,MA-8,MA,8,80.7,0.0,98.4,0.0,72.4,27.6,10,74.02239934,9.931532949,5.50483594,8.277193188,2.264038581,34.62628475,39.39611459,7.309828026,2.621704923,3.473688128,2.031147811,4.135494928,4.141698259,80.7,1,0,0,0,0,0
187,MA-9,MA,9,61.3,36.3,59.4,40.6,55.7,33.8,4,88.19072961,3.56055733,3.903619934,1.428877734,2.916215389,53.45087626,34.73985336,2.733321971,0.8272353589,3.17882688,0.7247930537,0.715080277,0.7137974575,25.0,0,0,0,0,1,0
188,MD-1,MD,1,36.4,63.4,38.1,60.0,28.0,67.8,-14,81.88009454,11.60275889,3.514590267,1.859258187,1.143298124,53.61076545,28.26932909,9.089277963,2.513480924,2.672454541,0.8421357257,0.7346741909,1.124583997,-27.0,0,0,0,1,0,0
189,MD-2,MD,2,67.7,32.0,66.0,30.7,62.2,33.3,11,52.49393263,34.28773905,5.741578488,5.740219396,1.736530434,34.37938064,18.11455199,24.65314047,9.634598583,4.124065625,1.617512863,2.87952626,2.860693137,35.7,1,0,0,0,0,0
190,MD-3,MD,3,69.8,30.0,69.1,28.3,62.8,34.5,13,60.32999871,22.08470192,7.465489136,7.461174692,2.658635548,25.70508335,34.62491535,12.9577766,9.126925321,5.276565252,2.188923884,2.54570966,4.915465031,39.8,1,0,0,0,0,0
191,MD-4,MD,4,79.6,20.2,78.1,19.9,74.1,21.6,28,26.20084839,54.71121491,13.78008675,3.298794147,2.009055812,12.85429674,13.34655164,36.55326248,18.15795243,12.46785187,1.312234879,1.335112721,1.963681426,59.39999999999999,1,0,0,0,0,0
192,MD-5,MD,5,68.8,31.0,70.3,27.1,67.3,29.7,16,45.55648666,39.09535595,8.581256212,4.244538421,2.522362754,28.83129032,16.72519634,26.00023386,13.09512209,6.995108452,1.58614776,2.091088028,2.153450393,37.8,0,0,0,0,1,0
193,MD-6,MD,6,58.8,39.2,59.0,38.0,55.4,40.9,6,61.4233155,13.34514849,10.98230343,12.31337843,1.93585415,34.87173447,26.55158103,8.863052574,4.48209592,8.321462089,2.660841344,3.727383877,8.585994549,19.599999999999994,0,0,0,0,1,0
194,MD-7,MD,7,71.6,28.0,76.4,21.3,75.1,21.9,26,35.54370765,52.0144079,3.280255788,7.359253265,1.802375399,14.10561559,21.43809206,40.93813967,11.07626823,1.980292284,1.299963504,1.968986528,5.390266736,43.599999999999994,0,0,0,0,0,1
195,MD-8,MD,8,68.2,31.6,68.2,30.2,59.3,35.6,14,60.78096996,12.14698304,14.71476581,10.45146589,1.905815289,22.91269391,37.86827605,6.808147804,5.338835241,11.27786173,3.436904086,4.093137844,6.358328047,36.6,1,0,0,0,0,0
196,ME-1,ME,1,62.2,37.8,58.8,32.5,57.9,42.1,8,93.7793395,1.691133433,1.542643668,1.446793132,1.540090272,55.76262065,38.01671885,0.9779504484,0.7131829842,0.8384957751,0.7041478927,0.8954561346,0.5513369971,24.400000000000006,0,0,0,1,0,0
197,ME-2,ME,2,53.0,46.9,50.6,49.4,45.1,54.9,-2,94.93906968,0.6823283391,1.187902727,0.0,3.190699257,71.02106525,23.91800442,0.495616419,0.1867119201,0.8655134785,0.3223892487,0.0,0.0,6.100000000000001,0,1,0,0,0,0
198,MI-1,MI,1,36.8,61.6,43.7,56.3,39.7,55.3,-9,92.49085966,1.375347645,1.286287929,0.0,4.847504765,67.86701978,24.62383988,1.329450642,0.04589700322,0.929072529,0.3572153995,0.0,0.0,-24.800000000000004,0,1,0,0,0,0
199,MI-2,MI,2,38.2,59.2,43.0,55.3,32.4,62.7,-9,83.48452351,5.588872079,7.002545828,2.18025758,1.743801,58.59657437,24.88794914,5.031301329,0.5575707495,5.990088081,1.012457747,1.54572465,0.6345329307,-21.0,0,0,0,1,0,0
200,MI-3,MI,3,47.0,53.0,43.2,54.4,37.5,59.4,-6,82.17694124,7.439962791,6.06033845,2.189147871,2.133609651,53.72410261,28.45283863,6.335085829,1.104876962,5.005897256,1.054441193,1.168657604,1.020490267,-6.0,0,0,0,1,0,0
201,MI-4,MI,4,32.4,65.0,37.4,62.6,32.1,61.6,-10,92.97742449,1.691772312,2.707742264,0.0,2.623060931,71.58518921,21.39223528,1.413415913,0.2783563992,2.005567128,0.7021751358,0.0,0.0,-32.6,0,1,0,0,0,0
202,MI-5,MI,5,54.5,41.8,59.5,35.9,61.2,35.1,5,77.31443239,15.78320253,4.007858961,0.9576524522,1.936853669,60.66927928,16.64515311,13.85754576,1.925656762,3.300341189,0.7075177724,0.3825962036,0.5750562486,12.700000000000003,0,0,0,0,1,0
203,MI-6,MI,6,40.1,55.8,45.7,50.2,36.4,58.6,-4,84.74230304,7.098466405,4.54137063,1.498194796,2.119665126,59.70234842,25.03995462,5.89651546,1.201950945,3.588670277,0.9527003528,0.7061410046,0.7920537918,-15.699999999999996,0,0,0,1,0,0
204,MI-7,MI,7,41.2,58.8,46.2,53.8,40.1,55.0,-7,89.59518294,4.020210896,3.396509027,0.0,2.98809714,65.63987857,23.95530436,3.252116952,0.7680939447,2.63979869,0.7567103371,0.0,0.0,-17.599999999999994,0,1,0,0,0,0
205,MI-8,MI,8,50.9,47.3,50.6,46.8,39.2,56.0,-4,84.45209363,5.284863697,4.135603069,4.667660702,1.459778905,49.37583607,35.07625756,3.41771871,1.867144987,2.770250775,1.365352294,1.312489533,3.355171168,3.6000000000000014,0,0,0,0,1,0
206,MI-9,MI,9,57.7,38.4,59.7,36.8,57.9,37.4,4,78.31512485,12.55324475,2.290312656,4.838607964,2.002709773,53.01314183,25.30198303,10.32542123,2.227823525,1.58000042,0.7103122354,2.322990458,2.515617505,19.300000000000004,1,0,0,0,0,0
207,MI-10,MI,10,33.7,66.3,35.0,60.3,32.3,63.0,-13,91.47721623,2.853405234,2.599180007,0.0,3.070198526,68.81315421,22.66406203,2.285492591,0.5679126432,2.29719007,0.3019899363,0.0,0.0,-32.599999999999994,0,0,0,1,0,0
208,MI-11,MI,11,50.2,47.8,51.8,45.2,40.2,52.9,-4,79.76670965,4.804661236,3.093839939,10.87843874,1.456350438,42.64615408,37.12055557,3.240694005,1.563967231,1.607966309,1.485873629,2.701086263,8.177352475,2.4000000000000057,0,0,0,0,1,0
209,MI-12,MI,12,66.4,30.7,68.1,28.9,64.4,29.2,14,76.89550971,10.33214447,5.440803993,5.115029178,2.216512644,50.76446631,26.1310434,7.519200125,2.812944348,4.169016864,1.271787129,0.9953396401,4.119689538,35.7,1,0,0,0,0,0
210,MI-13,MI,13,78.1,18.6,84.2,0.0,77.0,15.8,32,36.96844698,53.95935259,5.748458799,0.0,3.323741626,29.10294521,7.865501776,47.48393144,6.475421156,5.309247658,0.4392111406,0.0,0.0,59.49999999999999,1,0,0,0,0,0
211,MI-14,MI,14,79.3,18.3,80.9,17.3,78.5,18.7,30,33.82272871,55.26566118,3.714532077,5.627834945,1.56924309,16.21402891,17.6086998,43.01234505,12.25331613,2.876416016,0.8381160609,2.06012148,3.567713464,61.0,1,0,0,0,0,0
212,MN-1,MN,1,45.5,48.6,49.7,50.1,50.4,49.6,-5,88.5227148,2.406956064,4.885492831,2.909118855,1.275717454,60.4819621,28.0407527,1.88195771,0.5249983532,4.226774696,0.6587181345,1.380892783,1.528226072,-3.1000000000000014,0,0,0,1,0,0
213,MN-2,MN,2,48.2,45.9,52.7,47.1,45.2,47.0,-2,83.4670627,4.473408177,4.856421813,4.919565059,2.283542253,48.35464072,35.11242198,3.148023139,1.325385039,3.714027563,1.142394251,2.453447434,2.466117625,2.3000000000000043,0,0,0,0,1,0
214,MN-3,MN,3,55.6,44.3,55.6,44.2,43.1,56.9,1,80.1381523,6.566946728,2.802905204,8.58032606,1.911669707,38.03743621,42.10071609,5.040124251,1.526822477,1.964291675,0.838613529,3.59694714,4.983378919,11.300000000000004,0,0,0,0,1,0
215,MN-4,MN,4,63.2,29.0,66.0,29.7,57.8,34.5,14,72.40232409,9.327655511,5.304949708,10.98387007,1.981200617,36.1551618,36.24716229,6.942640682,2.385014829,3.949846357,1.355103351,6.956018828,4.027851243,34.2,1,0,0,0,0,0
216,MN-5,MN,5,64.3,25.8,78.0,21.7,69.2,22.3,26,70.29106605,14.10898147,7.490099794,5.237604942,2.872247743,30.12553461,40.16553144,11.91133376,2.197647711,5.453429431,2.036670363,2.490693806,2.746911136,38.5,0,0,0,0,0,1
217,MN-6,MN,6,34.2,65.7,38.7,61.1,34.3,65.7,-12,90.02856027,3.301667025,2.487480074,2.547650934,1.634641701,60.07955925,29.94900102,2.375077564,0.9265894613,2.051659191,0.435820883,1.783815292,0.7638356416,-31.5,0,0,0,1,0,0
218,MN-7,MN,7,39.8,53.4,52.1,47.8,52.5,47.5,-12,91.03793992,0.0,3.533525226,0.8930936446,4.535441205,69.07591517,21.96202476,0.0,0.0,2.96800226,0.5655229653,0.6215896449,0.2715039997,-13.600000000000001,0,1,0,0,0,0
219,MN-8,MN,8,37.6,56.7,45.2,50.7,50.3,49.7,-4,93.03736091,0.9333957548,1.427681684,0.8257605524,3.775801099,69.66902698,23.36833393,0.7691214459,0.1642743088,1.058168989,0.3695126947,0.6711002617,0.1546602908,-19.1,0,1,0,0,0,0
220,MO-1,MO,1,78.8,19.0,80.1,16.7,75.5,20.0,29,45.47676674,46.04691294,2.990665057,3.400257447,2.085397811,24.27485531,21.20191143,37.89430274,8.152610201,2.041956194,0.9487088631,1.140492592,2.259764855,59.8,1,0,0,0,0,0
221,MO-2,MO,2,45.5,51.9,47.2,51.2,37.6,58.6,-8,88.19595941,3.678349038,2.222193488,4.580341623,1.323156438,43.28012753,44.91583188,2.08605412,1.592294918,1.105000951,1.117192537,1.014857109,3.565484514,-6.399999999999999,1,0,0,0,0,0
222,MO-3,MO,3,28.5,69.4,32.8,65.1,27.9,67.8,-18,91.37653508,3.865697388,2.262710963,1.346667219,1.148389353,65.59284181,25.78369327,2.730105971,1.135591418,1.806131112,0.456579851,0.7817555522,0.5649116672,-40.900000000000006,0,0,0,1,0,0
223,MO-4,MO,4,29.7,67.6,32.7,64.8,27.8,67.8,-17,88.51296263,4.171795013,2.805956459,2.133718515,2.375567385,66.10313659,22.40982604,3.111697332,1.06009768,2.303051921,0.5029045383,0.8692056225,1.264512892,-37.89999999999999,0,1,0,0,0,0
224,MO-5,MO,5,58.8,38.6,61.7,35.6,58.4,38.5,7,68.90394295,19.53697243,7.218924092,1.683600936,2.656559588,45.58558491,23.31835804,16.07947104,3.45750139,5.748944951,1.469979142,0.8434795912,0.8401213446,20.199999999999996,1,0,0,0,0,0
225,MO-6,MO,6,30.8,67.1,32.0,65.4,28.3,68.1,-16,89.07765096,4.452863956,3.31070854,1.384713509,1.774063038,63.0502537,26.02739726,3.441316744,1.011547212,2.49831028,0.8123982598,0.8032594934,0.5814540158,-36.3,0,0,0,1,0,0
226,MO-7,MO,7,26.6,68.9,30.1,66.2,27.4,67.6,-23,90.4963113,1.520832074,4.003711374,0.0,3.97914525,67.67324787,22.82306343,1.201094515,0.3197375582,3.445493439,0.5582179355,0.0,0.0,-42.300000000000004,0,0,0,1,0,0
227,MO-8,MO,8,21.4,76.9,25.0,73.4,22.7,74.4,-24,92.18959004,4.211172523,1.3866606,0.0,2.212576835,75.40766253,16.78192752,3.97110568,0.2400668421,1.267215578,0.1194450219,0.0,0.0,-55.50000000000001,0,1,0,0,0,0
228,MS-1,MS,1,31.3,68.7,32.4,66.9,27.8,68.8,-16,68.90824256,26.79611612,2.578481263,0.9537384943,0.763421554,52.58425734,16.32398522,22.6185418,4.177574321,2.278712502,0.299768761,0.5642936442,0.3894448502,-37.400000000000006,0,1,0,0,0,0
229,MS-2,MS,2,66.0,34.0,71.8,0.0,66.8,29.4,14,33.49703136,63.87114574,0.0,0.0,2.631822897,25.05131657,8.44571479,53.89719028,9.973955459,0.0,0.0,0.0,0.0,32.0,0,1,0,0,0,0
230,MS-3,MS,3,35.3,64.7,36.7,62.3,30.3,66.3,-13,62.77176444,33.09684917,1.665715061,1.212588732,1.253082595,43.78864633,18.98311811,26.59171253,6.505136647,1.490376633,0.1753384275,0.5861486692,0.626440063,-29.400000000000006,0,1,0,0,0,0
231,MS-4,MS,4,0.0,100.0,30.7,68.2,27.7,65.2,-21,72.19162204,21.51945054,3.320720738,1.4363032,1.53190348,54.01990555,18.17171649,18.96698054,2.552469993,2.835630742,0.4850899965,1.034552125,0.4017510753,-100.0,0,0,0,1,0,0
232,MT-AL,MT,AL,43.6,56.4,46.2,50.9,40.5,56.3,-11,88.78792371,0.0,2.978906934,0.9255340656,7.307635285,58.13316261,30.6547611,0.0,0.0,2.180605162,0.7983017724,0.4817036188,0.4438304468,-12.799999999999997,0,1,0,0,0,0
233,NC-1,NC,1,54.2,45.8,69.8,30.2,68.6,29.0,17,45.53123882,43.61682484,6.861153534,1.914221636,2.076561172,28.29516559,17.23607323,35.0503368,8.566488042,5.92193084,0.9392226937,0.5204867109,1.393734925,8.400000000000006,0,0,0,1,0,0
234,NC-2,NC,2,63.0,34.8,45.8,51.3,43.3,56.7,-7,70.24617812,18.97918317,6.873196872,2.59399665,1.307445183,39.58523466,30.66094346,14.37170088,4.60748229,5.663367131,1.209829741,1.122744732,1.471251918,28.200000000000003,0,0,0,1,0,0
235,NC-3,NC,3,36.6,63.4,0.0,100.0,32.6,67.4,-12,70.99528267,19.79096585,6.152795974,1.428577049,1.632378457,50.31022666,20.68505601,17.19190775,2.599058107,5.06041256,1.092383414,0.9279259076,0.5006511416,-26.799999999999997,0,1,0,0,0,0
236,NC-4,NC,4,67.3,32.7,72.4,24.0,68.2,31.8,17,58.00573385,22.00880703,9.175363694,9.481478426,1.328617001,20.13774304,37.86799081,14.28684377,7.721963259,6.802931551,2.372432143,2.376557215,7.104921211,34.599999999999994,0,0,0,0,1,0
237,NC-5,NC,5,31.1,66.9,43.0,57.0,41.5,58.5,-10,76.45529272,13.98425506,6.898277272,1.41946156,1.242713387,54.58100675,21.87428597,11.1085094,2.875745656,6.116317671,0.781959601,0.4588654505,0.9605961097,-35.800000000000004,0,0,0,1,0,0
238,NC-6,NC,6,62.3,37.7,43.5,56.5,40.7,59.3,-9,70.13292888,19.11663908,7.558826317,1.703174105,1.488431614,50.98292998,19.14999891,15.28609242,3.830546664,6.567146222,0.9916800957,0.8079276074,0.8952464981,24.599999999999994,0,0,0,1,0,0
239,NC-7,NC,7,39.6,60.2,42.8,55.5,39.0,61.0,-9,72.70897887,17.56031752,6.326811266,0.9591616475,2.444730704,48.87059151,23.83838736,15.01027051,2.550047001,5.643909062,0.6829022038,0.49629217,0.4628694774,-20.6,0,1,0,0,0,0
240,NC-8,NC,8,46.7,53.3,44.7,55.3,41.2,58.8,-8,63.13656397,22.6240824,8.100491243,2.983101698,3.155760684,44.6514702,18.48509377,17.46900493,5.155077474,6.411960626,1.688530616,1.603129398,1.3799723,-6.599999999999994,0,1,0,0,0,0
241,NC-9,NC,9,44.4,55.6,48.9,49.3,41.7,58.3,-8,63.59718868,19.21233442,5.553263625,2.904333998,8.732879281,35.88243898,27.7147497,15.44352601,3.768808413,4.547022908,1.006240718,1.055746411,1.848587588,-11.200000000000003,0,0,0,0,1,0
242,NC-10,NC,10,31.1,68.9,40.7,59.3,36.8,63.2,-12,80.72673767,11.56264625,5.058282147,1.605422307,1.04691162,58.28196504,22.44477263,9.693356327,1.869289925,4.146126937,0.9121552102,0.9077847321,0.6976375745,-37.800000000000004,0,0,0,1,0,0
243,NC-11,NC,11,42.3,54.5,38.7,59.2,35.8,64.2,-14,88.25810185,3.365249719,5.041561448,0.0,3.335086981,63.72807941,24.53002245,2.857744108,0.5075056117,4.359743266,0.6818181818,0.0,0.0,-12.200000000000003,0,1,0,0,0,0
244,NC-12,NC,12,100.0,0.0,73.1,26.9,67.0,33.0,18,42.69732016,36.44831234,12.60061728,6.209571362,2.044178861,18.85296718,23.84435298,25.32071367,11.12759867,10.45417099,2.14644629,2.666138619,3.543432743,100.0,0,0,0,0,1,0
245,NC-13,NC,13,31.8,68.2,45.5,51.5,43.9,56.1,-6,67.35189949,21.05953846,6.094023786,3.741565075,1.752973195,44.64340305,22.70849644,16.51493122,4.54460724,4.961786526,1.132237259,2.150952541,1.590612534,-36.400000000000006,0,0,0,1,0,0
246,ND-AL,ND,AL,27.6,69.0,35.6,60.2,23.8,69.2,-16,86.85303594,2.670830235,3.044758364,1.420371747,6.011003717,59.27831475,27.57472119,2.089913259,0.5809169765,2.517174721,0.5275836431,0.8442131351,0.5761586121,-41.4,0,0,0,1,0,0
247,NE-1,NE,1,37.7,59.5,39.6,60.4,30.4,69.6,-11,85.52289232,2.441006042,7.359710653,2.511293674,2.165097307,55.49411013,30.02878219,1.904675676,0.5363303662,6.286335131,1.073375522,1.473657625,1.037636048,-21.799999999999997,0,0,0,1,0,0
248,NE-2,NE,2,46.2,50.8,49.0,51.0,47.3,49.4,-4,76.8822036,8.811701004,8.614662203,3.764182525,1.927250668,40.68165989,36.20054371,6.936125278,1.875575726,7.276730549,1.337931654,1.756948033,2.007234492,-4.599999999999994,1,0,0,0,0,0
249,NE-3,NE,3,17.7,78.5,23.3,76.7,0.0,100.0,-27,87.16730225,1.259288017,9.226096871,0.0,2.347312864,65.03995322,22.12734903,0.9582874666,0.3010005504,8.27174084,0.9543560308,0.0,0.0,-60.8,0,1,0,0,0,0
250,NH-1,NH,1,51.3,46.2,53.6,45.0,44.2,42.9,-2,91.74452558,0.0,3.173484637,2.648417915,2.433571871,56.52030406,35.22422151,0.0,0.0,2.426079596,0.7474050405,1.210913612,1.437504303,5.099999999999994,0,0,0,1,0,0
251,NH-2,NH,2,53.9,43.7,55.3,42.5,49.8,45.4,2,91.52864328,1.427430707,2.87420664,2.64988434,1.51983503,58.32956033,33.19908295,0.8483087333,0.5791219737,2.111716621,0.7624900187,0.6700856952,1.979798645,10.199999999999996,0,1,0,0,0,0
252,NJ-1,NJ,1,62.5,37.5,64.4,33.3,59.8,36.9,13,66.60786405,15.88345958,11.33321017,5.123376223,1.052089976,41.86745971,24.74040435,12.39165718,3.491802399,9.76461076,1.568599405,2.097822913,3.025553311,25.0,1,0,0,0,0,0
253,NJ-2,NJ,2,46.2,51.9,52.9,45.2,37.1,59.4,-1,69.4937848,11.90075552,13.56297543,3.674088084,1.368396167,47.80903642,21.68474838,10.10682152,1.793934,11.61368635,1.949289082,2.203976057,1.470112027,-5.699999999999996,0,0,0,1,0,0
254,NJ-3,NJ,3,53.2,45.5,50.0,48.7,38.6,59.5,-2,76.25024703,11.03714369,7.197425256,3.795488552,1.719695473,47.72874848,28.52149855,7.802904115,3.234239575,5.730687069,1.466738187,1.696357152,2.0991314,7.700000000000003,0,0,0,0,1,0
255,NJ-4,NJ,4,38.3,59.9,43.1,55.4,33.5,63.7,-8,79.23648587,6.142122189,9.524540541,4.645954127,0.4508972678,42.44692953,36.78955635,4.264728458,1.877393731,7.297214317,2.227326224,1.467039823,3.178914304,-21.6,0,0,0,0,1,0
256,NJ-5,NJ,5,53.2,45.6,56.2,42.5,50.5,47.2,-3,70.01330418,5.522106825,13.06346695,10.43903799,0.9620840507,34.70338647,35.30991772,2.794846421,2.727260404,8.358395674,4.705071275,3.041951745,7.397086249,7.600000000000001,1,0,0,0,0,0
257,NJ-6,NJ,6,61.2,38.8,63.6,36.4,63.0,35.7,9,50.43769778,10.63128834,19.7744642,18.34692372,0.8096259528,29.40581451,21.03188327,7.586694947,3.044593398,16.45039992,3.324064282,5.292954655,13.05396907,22.400000000000006,1,0,0,0,0,0
258,NJ-7,NJ,7,50.6,49.4,51.7,46.7,43.0,54.2,-3,70.17102596,4.468649116,12.6852975,11.59763749,1.077389926,31.0059644,39.16506156,2.801795133,1.666853983,8.836535145,3.848762358,2.021656313,9.575981181,1.2000000000000028,0,0,0,0,1,0
259,NJ-8,NJ,8,74.0,24.6,78.1,18.7,76.9,18.6,27,27.61446454,10.79573032,51.22205876,11.35088663,-0.9831402546,12.92605566,14.68840888,8.205063567,2.590666752,42.344449,8.877609761,2.270666451,9.080220181,49.4,0,0,1,0,0,0
260,NJ-9,NJ,9,65.8,31.9,70.3,28.9,69.6,28.1,16,39.592741,8.918704563,35.87243815,14.67511402,0.9410022663,22.79975962,16.79298139,7.072305521,1.846399041,28.90487682,6.967561325,5.044676414,9.630437608,33.9,0,0,1,0,0,0
261,NJ-10,NJ,10,83.3,13.9,87.6,10.1,85.6,12.0,36,22.79652403,50.19462819,18.91416339,7.111725434,0.9829589644,11.45033612,11.34618791,38.79588489,11.39874329,14.55957432,4.354589067,2.431408484,4.680316949,69.39999999999999,0,0,1,0,0,0
262,NJ-11,NJ,11,53.3,46.7,56.8,42.1,38.7,58.2,-3,74.18628551,4.149179029,10.14779832,10.77735328,0.7393838599,30.96469001,43.2215955,2.48527116,1.663907869,6.671909689,3.475888633,2.661978019,8.115375262,6.599999999999994,0,0,0,0,1,0
263,NJ-12,NJ,12,65.6,32.6,68.7,31.3,62.6,32.3,16,49.06133627,17.80916366,14.95601004,17.280055,0.8934350195,24.00636083,25.05497545,13.26420671,4.544956951,11.7408347,3.215175336,3.562024786,13.71803022,32.99999999999999,1,0,0,0,0,0
264,NM-1,NM,1,58.2,41.8,59.1,36.3,65.1,34.9,7,43.92903619,2.433615563,45.84644275,2.922644835,4.868260662,22.14777538,21.78126081,1.595162008,0.8384535556,36.92284251,8.923600244,1.565305484,1.357339351,16.400000000000006,1,0,0,0,0,0
265,NM-2,NM,2,46.3,53.7,50.9,49.1,37.2,62.8,-6,41.23637978,2.077389618,49.896087,0.0,6.790143607,29.06278086,12.17359892,1.715924695,0.3614649231,43.41800883,6.478078164,0.0,0.0,-7.400000000000006,0,0,0,1,0,0
266,NM-3,NM,3,58.7,41.3,63.4,31.2,62.5,37.5,8,42.35430406,1.660520826,37.18347882,1.447756196,17.3539401,24.03928346,18.3150206,1.120809961,0.5397108647,30.77454229,6.40893653,0.6979844555,0.7497717408,17.400000000000006,0,1,0,0,0,0
267,NV-1,NV,1,61.8,33.4,66.2,30.9,61.8,28.8,15,34.64128669,11.22813431,39.75842742,10.70276221,3.669389373,26.8134888,7.827797894,9.999116849,1.229017464,36.3977301,3.36069732,6.518064544,4.184697665,28.4,0,0,0,0,0,1
268,NV-2,NV,2,40.7,56.5,41.8,58.2,36.9,58.3,-7,70.90095943,1.706749268,18.53738142,4.609789204,4.245120673,48.94041169,21.96054774,1.295482055,0.4112672135,16.77320556,1.764175861,2.360677672,2.249111531,-15.799999999999997,0,0,0,1,0,0
269,NV-3,NV,3,48.8,45.8,51.9,42.8,47.2,46.0,-2,58.92518735,8.00521839,14.17944559,14.6345907,4.255557959,36.99851484,21.92667251,6.025873975,1.979344415,11.55626117,2.623184422,7.88224137,6.752349333,3.0,0,0,0,0,0,1
270,NV-4,NV,4,50.7,45.8,51.9,43.7,48.5,44.5,3,48.51151954,15.47227621,26.21676757,6.365789484,3.433647192,35.62809818,12.88342136,12.6257143,2.84656191,23.73242511,2.484342461,4.068062483,2.297727001,4.900000000000006,0,0,0,0,0,1
271,NY-1,NY,1,45.1,54.8,47.4,51.5,41.0,59.0,-5,76.55988869,4.704854586,14.4929912,3.514797252,0.7274682745,44.73699993,31.82288876,3.282703087,1.422151499,12.19603861,2.29695259,1.242233542,2.272563711,-9.699999999999996,0,0,0,0,1,0
272,NY-2,NY,2,46.0,52.9,46.9,53.1,37.6,62.4,-3,64.34911973,9.770817386,20.08588689,4.189198087,1.604977901,40.66149781,23.68762192,7.097294583,2.673522803,16.41336823,3.672518663,2.050256385,2.138941702,-6.899999999999999,1,0,0,0,0,0
273,NY-3,NY,3,55.9,43.4,59.0,41.0,52.4,47.6,1,69.50977468,2.651515152,9.533370046,16.25384333,2.051496795,28.70355498,40.80621969,1.54765729,1.103857862,6.334610619,3.198759427,6.008979242,10.24486409,12.5,1,0,0,0,0,0
274,NY-4,NY,4,56.1,43.0,61.3,38.7,59.4,40.6,4,55.8741795,15.14941136,19.78403651,7.750131888,1.442240749,26.7022422,29.1719373,10.21335514,4.936056215,15.2521764,4.531860106,3.127469842,4.622662046,13.100000000000001,0,0,0,0,0,1
275,NY-5,NY,5,99.3,0.0,100.0,0.0,85.5,13.0,37,10.87376164,50.36037099,18.1851237,15.54107049,5.039673172,7.003914014,3.869847628,37.94118319,12.4191878,14.83993664,3.345187058,10.1693915,5.37167899,99.3,0,0,1,0,0,0
276,NY-6,NY,6,67.9,32.0,90.9,0.0,71.9,27.0,16,34.40694336,4.847563695,17.97718057,41.4214612,1.34685118,18.96767975,15.43926362,2.859734311,1.987829384,13.15352547,4.823655094,25.8216684,15.59979279,35.900000000000006,0,0,1,0,0,0
277,NY-7,NY,7,84.8,14.4,93.4,0.0,90.7,9.3,38,31.65013156,11.56310471,37.72399177,19.94532666,-0.8825546989,10.38343009,21.26670148,9.018439455,2.544665254,31.10524106,6.618750704,14.01787634,5.927450318,70.39999999999999,0,0,1,0,0,0
278,NY-8,NY,8,84.8,15.2,94.2,0.0,93.2,0.0,36,28.47295121,50.29154652,15.19880652,6.125114845,-0.08841909925,11.46246282,17.0104884,38.35696937,11.93457714,12.08940153,3.10940499,3.376845476,2.748269369,69.6,0,0,1,0,0,0
279,NY-9,NY,9,83.0,15.9,89.3,10.3,92.3,0.0,34,32.96853223,47.45766367,10.81642134,7.804704974,0.9526777891,10.77349203,22.19504019,35.69444526,11.7632184,8.195381277,2.621040065,4.513850092,3.290854881,67.1,0,0,1,0,0,0
280,NY-10,NY,10,74.5,24.1,82.1,17.9,77.5,22.5,26,61.73474907,3.846015163,13.02988035,19.44907816,1.940277264,16.33522161,45.39952746,2.397449401,1.448565762,8.215434541,4.814445805,9.032423354,10.41665481,50.4,0,0,1,0,0,0
281,NY-11,NY,11,46.8,53.1,53.0,46.6,36.1,62.2,-3,60.80366291,7.021543217,15.28206837,15.86931133,1.023414183,34.74456287,26.05910004,5.136826448,1.88471677,11.77681669,3.50525168,9.793515924,6.075795402,-6.300000000000004,0,0,1,0,0,0
282,NY-12,NY,12,82.1,16.4,86.4,12.1,83.0,17.0,31,65.17259109,4.995692171,13.05081154,15.24589367,1.535011534,12.83854673,52.33404436,3.393805064,1.601887107,7.161939635,5.888871905,3.993948195,11.25194547,65.69999999999999,0,0,1,0,0,0
283,NY-13,NY,13,90.8,7.8,94.6,5.4,88.8,6.9,43,17.29236899,29.74443689,51.45833178,4.615870477,-3.111008125,4.662961662,12.62940732,21.28857927,8.45585762,42.44709716,9.011234611,1.920087007,2.69578347,83.0,0,0,1,0,0,0
284,NY-14,NY,14,71.5,27.4,78.2,13.6,82.6,17.4,29,23.73727148,10.73244804,46.73157466,18.45590425,0.3428015641,13.01693166,10.72033982,8.188530936,2.543917108,39.31658032,7.414994343,11.56831219,6.887592052,44.1,0,0,1,0,0,0
285,NY-15,NY,15,88.7,11.1,96.0,4.0,95.2,3.6,44,2.607386066,42.29046621,63.34446482,1.957613061,-10.19993016,1.792386939,0.8149991269,35.52012397,6.770342239,55.63580409,7.70866073,1.284922298,0.6726907631,77.60000000000001,0,0,1,0,0,0
286,NY-16,NY,16,84.0,15.8,100.0,0.0,94.7,0.0,24,36.93745336,33.21162635,25.12999782,5.474676657,-0.7537541972,15.2826141,21.65483926,23.92776085,9.283865502,18.88019214,6.249805683,2.078410645,3.396266012,68.2,0,0,1,0,0,0
287,NY-17,NY,17,59.3,35.2,88.0,0.0,100.0,0.0,7,61.06776729,11.13830768,20.85469084,6.887693228,0.05154097406,26.44860455,34.61916273,7.246054589,3.892253088,15.10049479,5.754196042,1.647289955,5.240403273,24.099999999999994,0,0,0,0,1,0
288,NY-18,NY,18,55.8,43.2,55.5,44.5,55.2,44.8,-1,69.6118388,10.12904279,16.02282985,3.107809702,1.128478857,42.25567699,27.35616181,7.816724953,2.312317833,11.76795021,4.254879643,1.19478706,1.913022642,12.599999999999994,0,0,0,1,0,0
289,NY-19,NY,19,54.5,42.9,51.4,46.2,45.3,54.7,-2,85.75543872,4.42377924,6.645900891,1.464361049,1.710520102,57.84875484,27.90668388,3.650473822,0.7733054183,5.305701602,1.340199288,0.8415845481,0.622776501,11.600000000000001,0,1,0,0,0,0
290,NY-20,NY,20,61.1,38.8,66.5,33.5,67.6,32.4,7,79.35397585,8.174467062,5.267080153,4.94037174,2.264105199,46.00726151,33.34671433,6.063580955,2.110886107,3.852734792,1.414345361,1.988867272,2.951504468,22.300000000000004,0,0,0,0,1,0
291,NY-21,NY,21,41.1,58.8,42.4,56.1,29.3,66.1,-4,91.97126679,2.683487837,2.76097893,0.970073678,1.61419276,68.81065523,23.16061156,2.343388042,0.3400997954,2.415344056,0.3456348735,0.5250124027,0.4450612754,-17.699999999999996,0,1,0,0,0,0
292,NY-22,NY,22,49.0,49.0,50.9,49.1,40.4,47.0,-6,90.34617198,3.422859837,2.793031542,1.967417109,1.470519534,66.07633536,24.26983662,3.000709247,0.4221505897,2.261096317,0.5319352249,1.36392014,0.6034969698,0.0,0,0,0,1,0,0
293,NY-23,NY,23,41.1,57.7,45.8,54.2,41.9,58.1,-6,91.23743405,2.635372547,2.836215407,1.944736367,1.346241627,65.99747354,25.23996051,2.347059011,0.2883135357,1.991868624,0.844346783,0.678110039,1.266626328,-16.6,0,1,0,0,0,0
294,NY-24,NY,24,43.0,53.1,47.4,52.6,39.0,61.0,3,85.38837868,7.057390675,3.488783555,2.068006386,1.997440708,56.95061637,28.43776231,5.649163087,1.408227588,2.67779259,0.8109909643,1.191798746,0.87620764,-10.100000000000001,0,0,0,1,0,0
295,NY-25,NY,25,59.3,39.1,59.0,41.0,55.8,44.2,8,74.21285318,14.10976247,7.40906716,3.274988947,0.9933282424,40.33499457,33.87785861,11.57951851,2.530243961,5.84944335,1.559623809,1.448092922,1.826896025,20.199999999999996,0,0,0,0,1,0
296,NY-26,NY,26,69.9,28.7,73.3,26.7,74.4,25.6,11,73.43855661,16.00734078,5.206983925,3.664483172,1.682635511,48.15278762,25.28576899,13.13050457,2.876836213,4.075314285,1.13166964,1.875524487,1.788958685,41.2,0,0,0,0,0,1
297,NY-27,NY,27,39.0,59.7,48.8,49.1,32.3,67.7,-11,92.57397747,2.738282092,2.314921675,0.9028867756,1.469931985,61.38783738,31.18614009,2.303957776,0.434324316,1.683631859,0.6312898163,0.3764272305,0.5264595451,-20.700000000000003,0,1,0,0,0,0
298,OH-1,OH,1,44.6,51.8,46.9,51.3,40.4,59.6,-5,71.69371083,20.19865822,2.465472551,4.166967603,1.475190794,42.08095593,29.61275489,16.42732183,3.771336399,1.552832414,0.9126401361,1.122894448,3.044073156,-7.199999999999996,0,0,0,0,1,0
299,OH-2,OH,2,38.9,61.1,41.2,57.6,33.4,66.6,-9,86.47436762,8.796342448,1.799260749,0.0,2.930029183,56.99151093,29.48285669,7.043211578,1.75313087,1.319197262,0.4800634872,0.0,0.0,-22.200000000000003,0,0,0,1,0,0
300,OH-3,OH,3,70.8,29.1,73.6,26.4,68.3,31.7,19,54.30963698,32.53941189,5.514902697,4.587496785,3.048551643,35.4229813,18.88665568,25.8846839,6.654727998,4.421371486,1.09353121,2.336422781,2.251074004,41.699999999999996,1,0,0,0,0,0
301,OH-4,OH,4,29.3,67.9,34.7,65.3,31.9,68.1,-14,88.88727273,5.232929293,3.103636364,0.0,2.776161616,70.96060606,17.92666667,4.538787879,0.6941414141,2.784040404,0.3195959596,0.0,0.0,-38.60000000000001,0,0,0,1,0,0
302,OH-5,OH,5,32.0,68.0,35.1,62.3,29.0,71.0,-11,89.75167785,2.714460037,4.89566809,0.0,2.638194021,64.5169819,25.23469595,2.123042506,0.591417531,4.136872076,0.7587960138,0.0,0.0,-36.0,0,0,0,1,0,0
303,OH-6,OH,6,25.6,74.4,30.7,69.3,29.4,70.6,-16,95.53925144,2.183322519,1.145564238,0.0,1.131861799,78.40455243,17.13469901,2.044686073,0.1386364461,0.9106077032,0.2349565351,0.0,0.0,-48.800000000000004,0,1,0,0,0,0
304,OH-7,OH,7,29.2,67.5,41.3,58.7,28.9,64.1,-12,92.1516253,3.913466895,2.220035828,0.0,1.714871976,72.42638955,19.72523575,3.468618123,0.4448487715,1.593640666,0.626395162,0.0,0.0,-38.3,0,0,0,1,0,0
305,OH-8,OH,8,31.0,69.0,33.4,66.6,26.8,69.0,-17,87.7892284,6.412665332,2.483877055,2.006957892,1.307271325,65.99022777,21.79900062,4.889190653,1.523474679,1.953214743,0.5306623125,0.9271718796,1.079786012,-38.0,0,0,0,1,0,0
306,OH-9,OH,9,63.1,36.9,67.8,32.2,68.5,31.5,14,73.80309344,13.7093886,8.710252337,2.08286811,1.694397512,53.31885346,20.48423998,12.39482432,1.314564277,7.845462857,0.8647894801,1.225451987,0.8574161228,26.200000000000003,1,0,0,0,0,0
307,OH-10,OH,10,41.6,58.4,42.2,55.9,32.4,64.4,-4,77.28472694,15.78208601,2.359598828,2.068783314,2.50480491,52.52628331,24.75844363,12.09627163,3.685814374,1.923577232,0.4360215954,0.5677154445,1.50106787,-16.799999999999997,0,0,0,0,1,0
308,OH-11,OH,11,80.1,19.9,82.2,17.7,80.1,19.9,32,41.42257389,50.69308389,3.998779448,2.383442587,1.502120182,22.98088153,18.44169236,43.89818916,6.794894727,3.346626122,0.6521533265,0.6184829386,1.764959648,60.199999999999996,0,0,0,0,0,1
309,OH-12,OH,12,41.8,55.2,47.2,51.4,29.9,66.6,-7,86.76289636,5.005893313,2.031481581,4.633236067,1.566492674,50.68009022,36.08280614,3.7478513,1.258042014,1.155163449,0.8763181316,1.172371554,3.460864513,-13.400000000000006,0,0,0,0,1,0
310,OH-13,OH,13,52.5,44.9,61.0,39.0,67.6,32.4,7,82.73370993,10.85634652,2.815026652,1.962128836,1.632788062,61.65690879,21.07680114,9.478278231,1.378068284,2.340074097,0.4749525552,1.470235298,0.491893538,7.600000000000001,0,0,0,0,1,0
311,OH-14,OH,14,39.9,60.1,44.8,55.2,37.3,62.7,-5,90.04817832,4.627705865,2.370694724,1.946733361,1.006687731,59.33851835,30.70965997,3.635718598,0.9919872674,1.858334575,0.5123601496,0.6546606349,1.292072726,-20.200000000000003,0,0,0,0,1,0
312,OH-15,OH,15,36.6,63.4,39.7,58.3,33.8,66.2,-7,89.13947127,4.386892766,1.70428186,2.911234083,1.85812002,58.92613913,30.21333215,3.15711534,1.229777426,1.136620905,0.5676609548,0.77160322,2.139630863,-26.799999999999997,0,0,0,1,0,0
313,OH-16,OH,16,36.8,63.2,43.3,56.7,34.6,65.4,-8,92.44447988,1.975604397,2.002049495,2.604453277,0.9734129538,59.90631435,32.53816553,1.473730878,0.5018735185,1.422007377,0.5800421177,0.9823576194,1.622095657,-26.400000000000006,0,0,0,0,1,0
314,OK-1,OK,1,32.7,63.7,40.7,59.3,0.0,100.0,-17,69.43948789,8.022371415,8.747081828,3.121514922,10.66954395,44.26291059,25.1765773,6.309385734,1.712985681,7.709922529,1.037159299,1.95777758,1.163737342,-31.0,0,0,0,0,1,0
315,OK-2,OK,2,22.0,75.0,30.1,65.0,23.2,70.6,-24,69.37809229,3.166899923,3.980209339,0.6769036684,22.79789478,56.74617098,12.63192131,2.763399105,0.403500818,3.64018056,0.3400287792,0.4468668073,0.2300368611,-53.0,0,1,0,0,0,0
316,OK-3,OK,3,21.5,78.5,26.1,73.9,21.7,78.3,-27,77.3212257,3.547181892,8.395960132,1.400172557,9.335459716,57.30830344,20.01292227,2.924882977,0.6222989143,7.615744084,0.7802160478,0.7175567155,0.6826158417,-57.0,0,1,0,0,0,0
317,OK-4,OK,4,28.8,67.8,33.0,63.1,26.1,69.6,-20,74.4008049,6.69421631,6.96097498,2.269954377,9.674049431,54.16318923,20.23761567,5.228007347,1.466208962,5.718157129,1.24281785,1.311434965,0.9585194123,-39.0,0,0,0,1,0,0
318,OK-5,OK,5,47.9,52.1,50.7,49.3,36.8,57.1,-10,63.28519503,12.66168151,12.81311543,3.545801393,7.694206639,39.41740311,23.86779192,10.14220419,2.519477313,11.2967497,1.516365733,1.829366022,1.716435371,-4.200000000000003,1,0,0,0,0,0
319,OR-1,OR,1,64.6,35.2,63.6,32.1,59.6,37.3,9,73.97069768,1.812374336,11.59793601,9.177071989,3.441919983,42.93971294,31.03098474,1.11321621,0.6991581261,10.01496775,1.582968256,3.073942022,6.103129967,29.39999999999999,1,0,0,0,0,0
320,OR-2,OR,2,36.9,59.9,39.4,56.3,27.9,72.1,-11,83.36231681,0.0,10.2519897,1.096041923,5.289651565,59.28587372,24.07644309,0.0,0.0,8.922414224,1.329575475,0.6704511762,0.4255907466,-23.0,0,0,0,1,0,0
321,OR-3,OR,3,73.0,23.5,72.6,19.8,72.6,0.0,24,74.36308065,4.393290961,9.215191748,7.387604597,4.640832047,38.18039597,36.18268468,3.317501219,1.075789741,7.014844418,2.20034733,4.252298768,3.135305829,49.5,0,0,0,0,0,1
322,OR-4,OR,4,51.5,46.2,56.0,40.9,55.5,39.8,0,86.86776792,0.0,6.49775496,1.794478289,4.839998826,62.21168802,24.65607991,0.0,0.0,5.357195262,1.140559698,0.9401374472,0.8543408421,5.299999999999997,0,0,0,1,0,0
323,OR-5,OR,5,51.9,45.2,55.0,41.8,53.6,43.2,0,79.54669622,0.0,12.88100005,3.062729174,4.509574561,52.38940145,27.15729477,0.0,0.0,11.11337561,1.767624437,1.403857912,1.658871262,6.699999999999996,1,0,0,0,0,0
324,PA-1,PA,1,43.4,56.6,48.7,51.3,82.2,17.8,-1,84.43282201,4.008765522,4.465157049,5.993279766,1.099975651,48.04850256,36.38431945,2.758217677,1.250547845,3.697881665,0.7672753835,2.26092038,3.732359386,-13.200000000000003,0,0,0,0,1,0
325,PA-2,PA,2,72.5,27.5,79.0,21.0,90.2,9.8,25,42.92656124,23.9961763,23.12624342,9.424851607,0.526167434,28.75925797,14.16730327,20.6755614,3.320614897,21.32428336,1.801960055,6.482930197,2.94192141,45.0,0,0,1,0,0,0
326,PA-3,PA,3,91.0,9.0,93.4,6.6,0.0,100.0,41,34.4525048,54.45300736,3.431739239,5.49147864,2.17126996,10.40346228,24.04904252,43.65657866,10.7964287,2.040410015,1.391329224,1.941830145,3.549648495,82.0,0,0,1,0,0,0
327,PA-4,PA,4,59.5,40.5,63.5,36.5,33.9,66.1,7,78.23883049,9.112223413,4.398007111,7.022736212,1.228202775,39.55931236,38.67951813,6.166464858,2.945758555,3.142618058,1.255389053,1.99732379,5.025412422,19.0,0,0,0,0,1,0
328,PA-5,PA,5,64.7,35.3,65.2,34.8,32.7,67.3,13,65.69253503,22.76178344,3.575235669,6.814165605,1.156280255,36.51403822,29.17849682,17.8117707,4.950012739,2.489477707,1.085757962,3.227312102,3.586853503,29.400000000000006,0,0,0,0,0,1
329,PA-6,PA,6,56.1,43.9,58.9,41.1,42.7,57.3,2,76.74982857,6.145577024,12.05921504,4.576055827,0.4693235448,38.04525836,38.70457021,4.737203017,1.408374007,9.671049978,2.38816506,0.9912871607,3.584768666,12.200000000000003,0,0,0,0,1,0
330,PA-7,PA,7,52.1,47.9,53.5,43.5,40.3,59.7,1,73.99018059,6.192298144,16.35018894,2.913512725,0.5538196018,49.14887916,24.84130143,5.013929223,1.178368921,14.14141215,2.20877679,1.446314371,1.467198354,4.200000000000003,0,0,0,0,1,0
331,PA-8,PA,8,51.8,48.2,54.6,45.4,45.5,54.5,-1,82.199956,6.550468991,9.474610508,1.780564389,-0.005599888002,61.44777104,20.75218496,5.14349713,1.406971861,8.219035619,1.255574889,1.0449791,0.7355852883,3.5999999999999943,0,0,0,1,0,0
332,PA-9,PA,9,33.7,66.3,40.3,59.7,36.6,63.4,-14,90.12804044,2.47186148,5.49031209,1.284573797,0.6252121929,70.68531119,19.44272925,2.115873719,0.3559877618,4.789057893,0.7012541967,0.7203143334,0.5642594641,-32.599999999999994,0,1,0,0,0,0
333,PA-10,PA,10,46.7,53.3,48.7,51.3,29.7,70.3,-6,78.25869978,9.99827252,6.575941957,3.999117066,1.167968675,51.37142747,26.88727231,7.81838423,2.17988829,5.695502793,0.8804391639,1.97220676,2.026910305,-6.599999999999994,0,0,0,0,1,0
334,PA-11,PA,11,36.9,63.1,41.0,59.0,36.3,63.7,-14,87.27574375,3.443402491,7.005337948,1.657082939,0.6184328673,61.71603228,25.55971148,2.775613923,0.6677885673,6.161732088,0.84360586,0.9892943721,0.6677885673,-26.200000000000003,0,0,0,0,1,0
335,PA-12,PA,12,29.2,70.8,34.0,66.0,38.1,61.9,-17,93.779119,1.981030161,2.069664524,0.0,2.17018632,71.99070695,21.78841205,1.669245753,0.3117844079,1.58499097,0.4846735544,0.0,0.0,-41.599999999999994,0,1,0,0,0,0
336,PA-13,PA,13,26.5,73.5,29.5,70.5,100.0,0.0,-22,93.53370676,2.691448711,2.487560194,0.0,1.287284333,73.95439473,19.57931203,2.344617704,0.3468310071,2.256205869,0.231354325,0.0,0.0,-47.0,0,1,0,0,0,0
337,PA-14,PA,14,35.3,64.7,42.1,57.9,74.3,25.7,-14,94.05467172,2.964330039,1.190270587,0.8386316808,0.9520959767,67.86630894,26.18836278,2.680970531,0.2833595071,0.9251858605,0.2650847267,0.3170975632,0.5215341176,-29.400000000000006,0,0,0,1,0,0
338,PA-15,PA,15,26.5,73.5,32.2,67.8,38.0,58.4,-20,95.09877418,2.175462822,1.187006052,0.0,1.538756943,75.41849572,19.68027846,2.02307829,0.1523845319,0.9147157293,0.2722903232,0.0,0.0,-47.0,0,1,0,0,0,0
339,PA-16,PA,16,40.7,59.3,47.3,51.6,42.7,53.9,-8,91.94189155,3.955217646,2.072437129,0.8816526026,1.148801069,65.51132091,26.43057064,3.332567466,0.6226501796,1.630253154,0.4421839753,0.3951875679,0.4864650347,-18.599999999999994,0,0,0,1,0,0
340,PA-17,PA,17,51.1,48.9,56.3,43.7,53.8,46.2,-3,89.26615658,5.379991986,1.448606155,2.619969853,1.28527543,51.23032304,38.03583354,3.922417905,1.457574081,0.8359251274,0.6126810281,0.6556125856,1.964357267,2.200000000000003,0,0,0,0,1,0
341,PA-18,PA,18,69.2,30.8,100.0,0.0,0.0,100.0,13,75.99184324,16.23208166,2.208721463,3.825393761,1.741959876,43.80842061,32.18342262,12.77671863,3.455363032,1.207828563,1.0008929,1.232162106,2.593231655,38.400000000000006,0,0,0,0,0,1
342,RI-1,RI,1,70.8,0.0,66.7,33.1,64.7,35.3,14,72.44015069,7.940834919,14.31667385,3.179877766,2.122462776,44.0668633,28.37328739,6.034816458,1.90601846,12.57039892,1.746274922,1.67648935,1.503388417,70.8,0,0,0,0,0,1
343,RI-2,RI,2,58.2,41.5,63.5,36.3,58.2,30.8,6,78.74979611,5.277364159,11.81645506,3.629437485,0.526947179,48.93900251,29.8107936,4.091930316,1.185433844,9.822579542,1.993875522,1.552165929,2.077271555,16.700000000000003,0,0,0,0,1,0
344,SC-1,SC,1,49.3,50.6,50.6,49.2,36.9,58.6,-10,74.00763477,17.23479166,4.631899831,2.073182086,2.052491646,39.17338244,34.83425233,13.55292787,3.681863795,3.696174682,0.9357251482,1.155561073,0.9176210132,-1.3000000000000043,0,0,0,0,1,0
345,SC-2,SC,2,42.6,55.7,42.5,56.3,35.9,60.3,-12,69.44463007,23.33282707,4.248554621,1.884511406,1.089476828,43.56813787,25.87649221,16.44137987,6.891447202,3.483693286,0.7648613347,0.5909095511,1.293601855,-13.100000000000001,0,0,0,1,0,0
346,SC-3,SC,3,28.7,71.2,31.0,67.8,27.1,72.9,-19,75.44278084,18.85061085,3.613199234,0.0,2.093409071,55.33488339,20.10789745,16.72865529,2.121955558,2.696815619,0.9163836151,0.0,0.0,-42.5,0,1,0,0,0,0
347,SC-4,SC,4,36.9,61.6,36.6,59.6,31.1,67.2,-15,71.91667327,17.22355098,6.805776567,2.617978202,1.436020982,43.94684383,27.96982944,14.50831701,2.715233965,5.624206051,1.181570516,1.472177698,1.145800504,-24.700000000000003,0,0,0,0,1,0
348,SC-5,SC,5,39.9,60.1,41.5,57.0,38.8,59.1,-9,67.80238134,25.44063461,3.765440791,1.735353251,1.256190007,47.6943447,20.10803664,21.23142998,4.209204628,2.986262683,0.7791781079,0.8450875011,0.8902657498,-20.200000000000003,0,1,0,0,0,0
349,SC-6,SC,6,68.2,30.8,70.1,28.2,70.2,27.6,19,38.04448167,54.4155195,4.744021002,0.0,2.795977827,26.50302383,11.54145784,44.94661569,9.468903809,4.126195011,0.617825991,0.0,0.0,37.400000000000006,0,1,0,0,0,0
350,SC-7,SC,7,38.1,61.8,40.3,59.6,39.3,60.7,-9,69.792069,24.90072185,3.069841567,0.0,2.237367582,51.16621356,18.62585544,22.21805569,2.682666167,2.722414925,0.3474266429,0.0,0.0,-23.699999999999996,0,0,0,1,0,0
351,SD-AL,SD,AL,0.0,81.0,36.0,60.3,35.9,64.1,-14,85.92110253,1.986126535,2.843397179,1.207083324,8.042290431,58.74676249,27.17434004,1.610974969,0.3751515657,2.117072457,0.7263247221,0.6919726748,0.5151106493,-81.0,0,1,0,0,0,0
352,TN-1,TN,1,22.5,74.7,21.0,77.1,15.4,78.4,-28,93.33967595,2.397279324,2.477840799,0.0,1.785203926,72.94362039,20.39605556,1.68373483,0.7135444939,2.143127051,0.3347137478,0.0,0.0,-52.2,0,0,0,1,0,0
353,TN-2,TN,2,31.1,67.6,33.1,65.9,24.4,75.6,-20,88.21341603,5.258161479,3.326421125,1.71695457,1.4850468,60.11091241,28.10250361,4.243969257,1.014192223,2.718780915,0.60764021,0.6388402709,1.078114299,-36.49999999999999,0,0,0,1,0,0
354,TN-3,TN,3,30.5,67.3,34.5,63.7,28.8,66.4,-18,84.22630647,10.02135074,2.90240828,0.0,2.849934503,61.58006909,22.64623738,8.470522475,1.550828268,2.114731253,0.7876770277,0.0,0.0,-36.8,0,0,0,1,0,0
355,TN-4,TN,4,33.3,66.7,33.6,63.4,35.0,65.0,-20,82.17292173,9.375283613,5.313488014,1.901246321,1.237060319,62.53201928,19.64090245,6.81651908,2.558764533,4.344435822,0.9690521921,1.605455734,0.2957905869,-33.400000000000006,0,0,0,1,0,0
356,TN-5,TN,5,100.0,0.0,67.8,32.2,62.5,37.5,7,64.62597429,22.66957458,7.148496811,3.374651465,2.181302855,32.39378296,32.23219133,16.00511645,6.664458125,5.931406381,1.217090431,1.483771821,1.890879644,100.0,0,0,0,0,1,0
357,TN-6,TN,6,24.0,73.7,28.3,69.5,21.8,71.1,-24,89.16603683,5.01749811,3.166674428,1.195853467,1.453937164,67.14402897,22.02200786,3.48296576,1.534532351,2.538031973,0.6286424547,0.6495972032,0.546256264,-49.7,0,1,0,0,0,0
358,TN-7,TN,7,27.3,69.9,32.1,66.9,23.5,72.2,-20,82.23348443,9.68193635,4.082739721,0.0,4.001839495,55.47503074,26.7584537,7.582096836,2.099839513,3.099548573,0.9831911479,0.0,0.0,-42.60000000000001,0,1,0,0,0,0
359,TN-8,TN,8,29.5,68.5,30.1,67.7,25.1,68.8,-19,74.94707113,19.89838477,2.213072252,1.639616412,1.301855431,50.47907542,24.46799571,15.41382893,4.484555838,1.765866875,0.4472053763,0.8359994179,0.8036169938,-39.0,0,0,0,1,0,0
360,TN-9,TN,9,77.4,20.1,80.0,19.2,78.8,18.8,28,26.87223421,64.02916748,5.563839295,2.557277701,0.9774813071,16.12974953,10.74248469,52.87293179,11.15623569,4.881084734,0.6827545615,1.262180368,1.295097334,57.300000000000004,1,0,0,0,0,0
361,TX-1,TX,1,27.4,72.6,26.3,72.3,24.1,73.9,-25,66.78314886,16.94680182,13.72804993,0.0,2.541999386,49.01672456,17.7664243,14.60511282,2.341688999,12.4403403,1.287709631,0.0,0.0,-45.199999999999996,0,1,0,0,0,0
362,TX-2,TX,2,42.8,55.6,45.6,52.8,36.0,60.6,-11,51.1529355,11.07372302,27.63783951,8.307884299,1.827617669,23.37239289,27.78054261,7.277292675,3.796430349,19.88832587,7.749513641,3.700289553,4.607594746,-12.800000000000004,1,0,0,0,0,0
363,TX-3,TX,3,42.9,55.1,44.2,54.2,34.5,61.3,-13,57.97954558,9.624080448,12.60829272,17.90938885,1.878692405,26.4490195,31.53052608,5.442825232,4.181255216,8.829673233,3.778619483,3.915739502,13.99364935,-12.200000000000003,1,0,0,0,0,0
364,TX-4,TX,4,22.6,75.1,23.0,75.7,0.0,88.0,-28,74.06715782,10.92233102,11.44864681,1.591447132,1.970417227,54.54385334,19.52330448,9.089979356,1.83235166,10.21173841,1.236908392,1.087290013,0.5041571182,-52.49999999999999,0,1,0,0,0,0
365,TX-5,TX,5,35.9,62.0,37.5,62.3,0.0,80.6,-16,56.84298691,15.38577846,23.50222622,2.726570986,1.542437421,43.21868671,13.6243002,12.49746342,2.888315037,21.56686813,1.935358085,1.874082356,0.8524886302,-26.1,0,0,0,1,0,0
366,TX-6,TX,6,44.0,52.8,45.4,53.1,39.0,58.3,-9,51.35074334,20.49965111,21.45537114,4.909194206,1.785040208,32.41421779,18.93652555,13.78558927,6.714061839,17.71332594,3.742045199,2.68394703,2.225247176,-8.799999999999997,1,0,0,0,0,0
367,TX-7,TX,7,50.8,47.5,52.5,47.5,43.8,56.2,-7,42.65888291,14.69369588,28.1365393,12.80767475,1.703207172,15.38884739,27.27003551,8.707828143,5.985867736,20.84136448,7.295174819,4.079979675,8.727695073,3.299999999999997,0,0,0,0,0,1
368,TX-8,TX,8,25.5,72.5,24.9,73.4,0.0,100.0,-28,67.43186724,7.964618187,19.87064895,0.0,4.732865623,44.72527658,22.70659066,6.382723961,1.581894226,16.22554641,3.645102536,0.0,0.0,-47.0,0,0,0,1,0,0
369,TX-9,TX,9,75.5,21.6,89.1,0.0,80.6,19.4,29,12.25859316,39.52423389,33.48564867,14.00882392,0.7227003674,6.752314136,5.50627902,28.05273619,11.47149769,29.85819124,3.62745743,8.584284806,5.424539117,53.9,0,0,0,0,0,1
370,TX-10,TX,10,45.3,52.5,46.8,51.1,38.4,57.4,-9,55.99255996,11.77439505,25.19840393,5.586910498,1.447730573,28.67135272,27.32120724,8.240701172,3.533693874,19.08623674,6.112167191,1.705610652,3.881299847,-7.200000000000003,0,0,0,1,0,0
371,TX-11,TX,11,18.3,79.7,18.4,80.1,0.0,89.5,-32,59.64570806,4.401615825,33.89273149,0.0,2.05994462,42.22538899,17.42031907,3.640625784,0.7609900401,30.12195923,3.770772267,0.0,0.0,-61.400000000000006,0,0,0,1,0,0
372,TX-12,TX,12,33.0,63.7,33.9,64.3,26.8,69.4,-18,66.04006837,9.013233097,18.98517592,3.97010818,1.991414433,42.71552605,23.32454232,6.675851838,2.337381259,15.13510802,3.850067903,2.357089364,1.613018816,-30.700000000000003,0,0,0,0,1,0
373,TX-13,TX,13,18.5,79.4,16.9,81.5,0.0,90.0,-33,67.82746027,5.22111355,23.22755473,2.056517363,1.667354096,50.27322638,17.55423389,4.817845519,0.4032680311,21.05670329,2.170851436,1.451294753,0.6052226095,-60.900000000000006,0,0,0,1,0,0
374,TX-14,TX,14,38.4,61.6,39.3,59.2,38.1,61.9,-12,54.60472056,18.714926,22.12041344,3.441311883,1.118628121,37.153492,17.45122856,15.38856728,3.326358721,19.87449634,2.245917096,1.835904361,1.605407523,-23.200000000000003,0,0,0,0,1,0
375,TX-15,TX,15,50.5,47.6,59.7,38.8,57.3,37.7,7,17.19994806,2.326151243,78.40053279,0.0,2.073367903,11.02152114,6.178426921,1.854721834,0.4714294092,64.72531017,13.67522263,0.0,0.0,2.8999999999999986,0,0,0,0,1,0
376,TX-16,TX,16,64.7,35.3,68.5,27.0,85.8,0.0,17,14.30184248,4.000285488,79.58634591,1.420084046,0.6914420796,8.349860609,5.951981867,2.869581955,1.130703532,62.94350592,16.64284,0.8049882453,0.6150958005,29.400000000000006,1,0,0,0,0,0
377,TX-17,TX,17,40.9,55.9,41.3,56.8,35.2,60.8,-12,56.4965696,13.6380586,23.26600225,4.652792919,1.946576629,34.54017145,21.95639815,11.50829633,2.129762266,19.05089871,4.215103544,1.487084292,3.165708627,-15.0,0,0,0,1,0,0
378,TX-18,TX,18,73.3,23.5,75.2,20.8,73.5,23.6,27,19.65808052,35.12459454,38.58996375,5.065254722,1.562106468,9.132417478,10.52566304,29.43732112,5.687273421,34.72600649,3.86395726,2.737645488,2.327609235,49.8,1,0,0,0,0,0
379,TX-19,TX,19,22.9,74.8,24.8,75.2,0.0,86.7,-27,57.14301441,6.278278675,33.58036923,1.750828407,1.247509275,38.89538404,18.24763037,5.445798518,0.8324801568,30.24538459,3.334984643,0.7038981913,1.046930216,-51.9,0,0,0,1,0,0
380,TX-20,TX,20,64.7,33.1,80.9,0.0,79.7,0.0,10,23.97083701,5.147645343,66.38048299,3.301452369,1.199582285,14.55914484,9.41169217,3.272744088,1.874901255,55.7509046,10.62957839,1.321929659,1.97952271,31.6,1,0,0,0,0,0
381,TX-21,TX,21,45.4,52.0,47.6,50.2,36.4,57.0,-10,63.71197489,3.845023503,26.67869404,3.833301906,1.931005662,30.56397868,33.1479962,2.139785987,1.705237515,17.81258016,8.866113883,1.35087156,2.482430346,-6.600000000000001,1,0,0,0,0,0
382,TX-22,TX,22,44.6,51.5,46.5,51.4,40.5,59.5,-10,40.61968006,14.32414776,23.92490853,19.49227814,1.638985522,20.89135325,19.72832681,7.818086445,6.506061318,17.56897223,6.355936294,7.381871076,12.11040706,-6.899999999999999,0,0,0,0,1,0
383,TX-23,TX,23,46.6,50.6,48.7,49.2,46.8,48.5,-1,27.74660986,3.556155479,65.32346673,2.028760186,1.345007743,16.77121812,10.97539174,2.348541,1.207614479,55.28250988,10.04095685,0.9818395833,1.046920603,-4.0,0,0,0,1,0,0
384,TX-24,TX,24,47.5,48.8,47.5,50.6,39.3,56.2,-9,49.37188307,12.1219538,20.08654943,15.9137422,2.505871509,23.24770391,26.12417916,7.373886236,4.748067566,15.17670074,4.909848686,4.20926006,11.70448214,-1.2999999999999972,1,0,0,0,0,0
385,TX-25,TX,25,42.1,55.9,44.8,53.5,37.7,58.4,-11,71.74136725,6.873226986,16.02007876,3.703992203,1.661334792,40.16386909,31.57749816,5.165879868,1.707347118,12.27713912,3.742939644,0.8644520367,2.839540167,-13.799999999999997,0,0,0,1,0,0
386,TX-26,TX,26,37.3,60.6,39.0,59.4,29.6,66.3,-18,64.80136935,8.914905816,16.24541957,7.989929289,2.048375973,34.88088808,29.92048127,4.52999194,4.384913875,11.80666229,4.438757281,2.184480137,5.805449152,-23.300000000000004,0,0,0,0,1,0
387,TX-27,TX,27,34.9,63.1,36.6,60.3,38.3,61.7,-13,43.42155159,5.011021367,48.79393592,1.799920103,0.9735710244,31.83867233,11.58287926,4.470396424,0.540624943,42.2535097,6.540426214,0.6460731689,1.153846934,-28.200000000000003,0,0,0,1,0,0
388,TX-28,TX,28,58.3,39.0,84.4,0.0,66.2,31.3,9,19.42893334,4.104938813,74.60749851,0.0,1.858629335,13.33979102,6.089142326,2.839992636,1.264946176,62.65691294,11.95058557,0.0,0.0,19.299999999999997,0,0,0,0,1,0
389,TX-29,TX,29,71.1,27.4,75.1,23.9,72.5,24.0,19,11.80588319,10.43065141,74.99127725,2.611338476,0.1608496725,9.100185427,2.705697765,8.669863179,1.760788229,69.16448141,5.826795844,1.439966645,1.17137183,43.699999999999996,1,0,0,0,0,0
390,TX-30,TX,30,77.5,18.4,91.1,0.0,77.9,19.0,29,20.09087088,43.53455695,33.40965953,2.138868317,0.8260443146,11.20373892,8.887131963,34.72548588,8.809071075,30.0588459,3.350813635,1.022997938,1.115870379,59.1,1,0,0,0,0,0
391,TX-31,TX,31,44.3,53.4,47.7,50.6,36.5,58.4,-10,58.72847633,11.58091354,21.67123274,6.405826655,1.613550735,34.96429729,23.76417904,8.887630956,2.693282583,16.45062511,5.220607626,2.296529841,4.109296814,-9.100000000000001,0,0,0,0,1,0
392,TX-32,TX,32,51.9,45.9,52.3,45.8,0.0,71.1,-5,53.29021128,14.22429513,21.65860379,8.69207806,2.13481173,22.33322205,30.95698923,8.603698436,5.620596698,18.42252021,3.236083586,4.185875084,4.506202976,6.0,1,0,0,0,0,0
393,TX-33,TX,33,66.8,25.2,76.2,21.9,73.7,26.3,23,17.46995507,17.66682046,61.72816004,2.661378102,0.4736863323,13.1693759,4.300579174,14.60611246,3.060707999,57.41548674,4.312673293,1.301013666,1.360364436,41.599999999999994,1,0,0,0,0,0
394,TX-34,TX,34,55.4,41.8,60.0,40.0,62.7,37.3,10,17.15488262,1.397555902,80.22736981,0.0,1.220191665,12.49837493,4.656507689,1.133366763,0.264189139,69.88290246,10.34446735,0.0,0.0,13.600000000000001,0,0,0,1,0,0
395,TX-35,TX,35,65.4,29.9,71.3,26.0,63.1,31.6,15,31.67684085,9.364868198,55.90477613,2.179873301,0.8736415171,17.70019676,13.97664409,7.903998445,1.460869753,47.66701891,8.237757227,0.9326883784,1.247184923,35.50000000000001,1,0,0,0,0,0
396,TX-36,TX,36,24.3,73.6,27.4,72.6,0.0,88.7,-26,64.09320132,9.344780086,23.4504048,1.962101681,1.149512108,49.84406152,14.2491398,7.971249277,1.373530809,20.9225913,2.527813502,0.9064110693,1.055690612,-49.3,0,0,0,1,0,0
397,UT-1,UT,1,30.4,69.5,24.9,61.6,27.2,65.4,-26,83.45067917,0.0,11.18735296,2.029418044,3.33254983,54.47254754,28.97813162,0.0,0.0,9.787397381,1.399955578,1.185390605,0.8440274384,-39.1,0,0,0,0,1,0
398,UT-2,UT,2,36.6,59.0,38.9,56.1,34.1,61.5,-16,78.68859073,0.0,12.93213183,3.291030459,5.088246983,50.99503541,27.69355532,0.0,0.0,11.23658745,1.69554438,1.486955101,1.804075358,-22.4,0,0,0,1,0,0
399,UT-3,UT,3,26.8,68.7,27.3,67.5,26.7,73.3,-25,83.27711174,0.0,9.560876187,2.180848019,4.98116405,46.0242978,37.25281394,0.0,0.0,7.60834965,1.952526536,0.8251176531,1.355730365,-41.900000000000006,0,0,0,0,1,0
400,UT-4,UT,4,46.7,47.7,50.1,49.9,41.7,53.5,-13,77.51951068,0.0,14.73014838,3.303284079,4.447056861,49.30114629,28.21836438,0.0,0.0,12.18226648,2.547881906,1.371324592,1.931959487,-1.0,1,0,0,0,0,0
401,VA-1,VA,1,41.7,58.1,44.7,55.2,35.8,60.9,-8,68.43776645,16.71422392,9.234592251,3.761265551,1.852151825,40.37210362,28.06566283,11.86765614,4.846567778,7.300557693,1.934034558,1.724877576,2.036387975,-16.4,0,0,0,1,0,0
402,VA-2,VA,2,51.6,45.8,51.1,48.8,38.3,61.7,-3,65.93162787,18.85098961,6.526724646,6.719114643,1.971543238,38.82422055,27.10740732,13.30640277,5.544586836,4.730815507,1.795909139,3.917246057,2.801868585,5.800000000000004,1,0,0,0,0,0
403,VA-3,VA,3,68.4,31.4,91.2,0.0,66.9,33.1,16,43.84645348,46.13118365,5.392991385,3.105888494,1.523482993,29.53639058,14.3100629,36.68282093,9.448362725,4.320918084,1.072073301,1.695307356,1.410581138,37.00000000000001,1,0,0,0,0,0
404,VA-4,VA,4,61.6,38.2,62.6,35.9,57.3,42.7,10,51.8244222,39.48401581,4.778110307,1.756864891,2.156586791,31.0388834,20.7855388,32.09712511,7.386890696,3.76259555,1.015514757,0.8119995278,0.9448653632,23.4,0,0,0,1,0,0
405,VA-5,VA,5,47.3,52.4,46.6,53.2,41.7,58.3,-6,74.57488808,19.55850042,2.758223045,1.389168242,1.719220212,49.9554631,24.61942499,17.06136898,2.49713144,2.171293716,0.586929329,0.5727541429,0.8164140993,-5.100000000000001,0,1,0,0,0,0
406,VA-6,VA,6,35.3,64.6,40.2,59.7,33.3,66.7,-13,82.31373464,11.01726552,4.207108415,1.634585472,0.8273059574,57.96294136,24.35079328,9.549307824,1.467957692,3.140651734,1.066456681,0.5801835433,1.054401929,-29.299999999999997,0,0,0,1,0,0
407,VA-7,VA,7,50.8,49.0,50.3,48.4,42.1,57.9,-6,69.11988934,17.429133,6.200246182,5.487141723,1.763589746,38.92815741,30.19173193,12.8822858,4.5468472,4.776904016,1.423342167,1.876109746,3.611031977,1.7999999999999972,0,0,0,1,0,0
408,VA-8,VA,8,75.8,24.0,76.1,23.7,68.6,27.4,21,53.61556407,14.31069177,15.83306176,12.86281082,3.377871579,11.50631691,42.10924716,7.706513136,6.604178629,10.77315152,5.059910234,5.289757238,7.573053586,51.8,0,0,0,0,0,1
409,VA-9,VA,9,0.0,94.0,34.8,65.2,28.4,68.7,-19,90.56234846,5.25167405,2.067619791,0.0,2.118357696,70.7853947,19.77695376,4.545354273,0.7063197772,1.781040869,0.2865789215,0.0,0.0,-94.0,0,1,0,0,0,0
410,VA-10,VA,10,56.5,43.4,56.1,43.7,47.1,52.9,1,62.20932593,7.722774374,11.72121411,16.46695648,1.879729107,25.20654958,37.00277635,4.533412406,3.189361969,8.345291234,3.375922876,4.455222735,12.01173375,13.100000000000001,0,0,0,0,1,0
411,VA-11,VA,11,71.4,28.3,71.1,26.9,87.9,0.0,15,48.40006336,13.0212536,16.73658023,19.54455243,2.297550385,15.80108644,32.59897692,7.035770524,5.985483074,11.98047017,4.75611006,6.937189605,12.60736282,43.10000000000001,1,0,0,0,0,0
412,VT-AL,VT,AL,67.3,27.0,69.2,26.0,90.0,0.0,15,93.98260159,1.291863237,1.265379591,0.0,3.46015558,57.46165482,36.52094677,0.9525134775,0.3393497592,0.8515165253,0.4138630661,0.0,0.0,40.3,0,1,0,0,0,0
413,WA-1,WA,1,58.6,41.3,59.3,40.7,55.5,44.5,6,74.21704059,1.372877727,7.468367751,12.9901774,3.951536527,42.64067143,31.57636916,0.9060593855,0.4668183418,5.635384576,1.832983174,2.998668307,9.991509095,17.300000000000004,0,0,0,0,1,0
414,WA-2,WA,2,63.1,36.7,71.3,0.0,64.0,36.0,10,74.71437094,2.96759639,7.789544336,10.12361101,4.404877321,49.42072489,25.29364606,2.181370721,0.7862256693,5.961294653,1.828249683,5.872548288,4.251062719,26.4,1,0,0,0,0,0
415,WA-3,WA,3,43.4,56.4,47.3,52.7,38.6,61.4,-4,83.46932969,1.459352832,7.296953833,3.56549448,4.208869163,60.18550131,23.28382838,1.067106711,0.3922461212,6.156632905,1.140320929,2.141610713,1.423883768,-13.0,0,0,0,1,0,0
416,WA-4,WA,4,33.6,66.2,37.2,62.8,42.6,57.4,-13,61.85364352,0.0,30.73902131,1.701582595,5.705752567,44.0283142,17.82532933,0.0,0.0,28.51120734,2.227813972,0.8487323199,0.8528502755,-32.6,0,0,0,1,0,0
417,WA-5,WA,5,38.5,61.3,45.2,54.8,40.5,59.5,-8,86.70919371,1.369981286,5.22632902,2.171931346,4.522564634,59.62119204,27.08800167,1.169393377,0.2005879093,4.069986909,1.156342112,1.102530741,1.069400606,-22.799999999999997,0,0,0,1,0,0
418,WA-6,WA,6,59.3,40.5,63.9,36.1,61.7,38.3,6,80.39676833,3.857753727,5.904412321,4.005524862,5.835540755,52.62657988,27.77018845,2.920419284,0.9373344434,4.767653069,1.136759252,2.367743889,1.637780973,18.799999999999997,0,0,0,1,0,0
419,WA-7,WA,7,83.0,16.8,83.6,16.4,56.1,43.9,33,69.33407909,4.730045404,6.952523524,14.55221425,4.431137725,23.46927025,45.86480884,3.304435086,1.425610318,4.458445746,2.494077779,4.128281898,10.42393236,66.2,0,0,0,0,0,1
420,WA-8,WA,8,51.7,48.1,52.4,47.6,40.0,60.0,0,73.25748256,2.656579839,8.516699468,9.967920181,5.601317957,46.27238683,26.98509573,1.811611697,0.8449681423,6.735410056,1.781289412,4.27119325,5.696726931,3.6000000000000014,0,0,0,0,1,0
421,WA-9,WA,9,74.1,25.7,100.0,0.0,73.0,27.0,21,48.98883182,10.53223395,10.00035372,25.30182388,5.176756629,23.51238292,25.47644889,8.19024818,2.341985773,8.145009504,1.855344214,11.94114876,13.36067512,48.39999999999999,1,0,0,0,0,0
422,WA-10,WA,10,84.9,0.0,61.5,38.5,58.7,41.3,5,69.69478711,6.156276319,9.377798611,7.964345463,6.806792502,49.05261674,20.64217037,4.71233618,1.443940139,7.722164424,1.655634187,5.363423994,2.600921469,84.9,1,0,0,0,0,0
423,WI-1,WI,1,40.6,59.3,42.3,54.6,30.2,65.0,-5,84.19388199,4.867813178,7.558267217,2.194728499,1.185309115,56.84352802,27.35035398,4.192404598,0.6754085793,6.507121438,1.051145779,1.247000291,0.9477282074,-18.699999999999996,0,0,0,0,1,0
424,WI-2,WI,2,69.7,30.3,100.0,0.0,68.7,31.3,18,85.56706173,3.898009845,4.880617573,4.090426001,1.56388485,46.43521734,39.13184439,2.722985961,1.175023884,3.6121673,1.268450273,1.351900949,2.738525052,39.400000000000006,0,0,0,1,0,0
425,WI-3,WI,3,51.3,48.6,59.7,40.3,98.4,0.0,0,93.27931521,1.283981978,2.11783591,1.851192963,1.467673938,67.98650443,25.29281078,1.046506336,0.2374756422,1.788721148,0.329114762,1.089533282,0.7616596817,2.6999999999999957,0,1,0,0,0,0
426,WI-4,WI,4,74.6,22.7,75.7,21.7,77.0,0.0,25,49.0035271,30.79762031,14.36145292,3.714507974,2.122891694,27.16355504,21.83997207,26.95405042,3.843569888,12.59635444,1.765098476,2.593614087,1.120893886,51.89999999999999,0,0,0,0,0,1
427,WI-5,WI,5,39.8,60.1,38.0,62.0,29.3,66.8,-13,88.96858353,2.163194802,4.809133235,2.901609527,1.157478904,54.47453013,34.49405341,1.672443575,0.4907512269,3.959946769,0.8491864664,0.9948484467,1.90676108,-20.300000000000004,0,0,0,0,1,0
428,WI-6,WI,6,40.7,59.2,44.5,55.5,37.3,57.2,-8,91.19790923,1.576801662,3.354272752,2.291042053,1.579974302,64.81681975,26.38108948,1.381684354,0.1951173083,2.845659036,0.5086137153,1.495304494,0.7957375593,-18.5,0,0,0,1,0,0
429,WI-7,WI,7,39.2,60.7,38.5,60.1,38.2,61.8,-8,93.19309764,0.0,1.869744557,1.429519342,3.50763846,70.08583325,23.1072644,0.0,0.0,1.629939195,0.2398053619,0.9256564575,0.5038628841,-21.5,0,1,0,0,0,0
430,WI-8,WI,8,35.8,64.2,36.3,63.7,37.3,62.7,-7,89.83432458,1.233939777,3.880185032,2.111732954,2.939817658,64.73895254,25.09537204,1.004111183,0.2298285935,3.291870618,0.5883144149,1.244076407,0.8676565476,-28.400000000000006,0,0,0,1,0,0
431,WV-1,WV,1,31.0,69.0,35.4,64.6,31.0,69.0,-19,94.43732003,2.294452822,0.0,0.0,3.268227148,72.64741666,21.78990337,1.983718756,0.3107340652,0.0,0.0,0.0,0.0,-38.0,0,1,0,0,0,0
432,WV-2,WV,2,36.9,63.1,43.0,54.0,41.8,58.2,-17,91.32958877,4.670375309,1.700318333,0.0,2.299717586,70.52796523,20.80162354,4.000260413,0.6701148961,1.438782703,0.2615356295,0.0,0.0,-26.200000000000003,0,1,0,0,0,0
433,WV-3,WV,3,28.7,71.3,43.6,56.4,24.0,67.9,-23,94.11868037,3.93852745,0.0,0.0,1.942792175,78.48485144,15.63382893,3.422759189,0.5157682605,0.0,0.0,0.0,0.0,-42.599999999999994,0,1,0,0,0,0
434,WY-AL,#REF!,x,24.6,68.6,29.8,63.6,30.1,62.2,-25,87.43507068,0.0,7.749706936,0.0,4.815222382,60.49655378,26.93851691,0.0,0.0,6.872952722,0.8767542138,0.0,0.0,-43.99999999999999,0,1,0,0,0,0
